AtomID,AtomName,AtomType,x[nm],y[nm],z[nm],charge[e],mass[AMU],sigma,epsilon
347,C,CZ,-0.119944110576923,0.837244591346154,-0.416,0,12.011,0.339967,0.359824
306,C,CZ,1.30905588942308,1.08624459134615,-0.413,0,12.011,0.339967,0.359824
322,C,CZ,1.38305588942308,0.963244591346154,-0.413,0,12.011,0.339967,0.359824
305,C,CZ,1.16505588942308,1.08724459134615,-0.411000000000001,0,12.011,0.339967,0.359824
290,C,CZ,1.37805588942308,1.21224459134615,-0.408000000000001,0,12.011,0.339967,0.359824
291,C,CZ,1.51905588942308,1.21524459134615,-0.408000000000001,0,12.011,0.339967,0.359824
321,C,CZ,1.09105588942308,0.962244591346154,-0.407,0,12.011,0.339967,0.359824
323,C,CZ,1.52305588942308,0.966244591346154,-0.407,0,12.011,0.339967,0.359824
338,C,CZ,1.30705588942308,0.841244591346154,-0.407,0,12.011,0.339967,0.359824
315,C,CZ,-0.118944110576923,1.08624459134615,-0.406000000000001,0,12.011,0.339967,0.359824
348,C,CZ,0.020055889423077,0.835244591346154,-0.405000000000001,0,12.011,0.339967,0.359824
275,C,CZ,1.58905588942308,1.33824459134615,-0.404000000000002,0,12.011,0.339967,0.359824
379,C,CZ,-0.121944110576923,0.594244591346154,-0.404000000000002,0,12.011,0.339967,0.359824
299,C,CZ,-0.190944110576923,1.20824459134615,-0.403000000000001,0,12.011,0.339967,0.359824
380,C,CZ,0.025055889423077,0.594244591346154,-0.403000000000001,0,12.011,0.339967,0.359824
289,C,CZ,1.09205588942308,1.21124459134615,-0.402000000000001,0,12.011,0.339967,0.359824
307,C,CZ,1.59305588942308,1.09524459134615,-0.401000000000002,0,12.011,0.339967,0.359824
362,C,CZ,-0.331944110576923,0.719244591346154,-0.401000000000002,0,12.011,0.339967,0.359824
274,C,CZ,1.30505588942308,1.33624459134615,-0.4,0,12.011,0.339967,0.359824
330,C,CZ,-0.334944110576923,0.964244591346154,-0.4,0,12.011,0.339967,0.359824
331,C,CZ,-0.189944110576923,0.965244591346154,-0.4,0,12.011,0.339967,0.359824
337,C,CZ,1.16205588942308,0.841244591346154,-0.4,0,12.011,0.339967,0.359824
354,C,CZ,1.38005588942308,0.717244591346154,-0.4,0,12.011,0.339967,0.359824
395,C,CZ,-0.192944110576923,0.470244591346154,-0.4,0,12.011,0.339967,0.359824
283,C,CZ,-0.117944110576923,1.33224459134615,-0.399000000000001,0,12.011,0.339967,0.359824
328,C,CZ,-0.763944110576923,0.966244591346154,-0.398000000000002,0,12.011,0.339967,0.359824
346,C,CZ,-0.402944110576923,0.840244591346154,-0.398000000000002,0,12.011,0.339967,0.359824
412,C,CZ,0.019055889423077,0.352244591346154,-0.398000000000002,0,12.011,0.339967,0.359824
259,C,CZ,1.51705588942308,1.46324459134615,-0.397,0,12.011,0.339967,0.359824
282,C,CZ,-0.404944110576923,1.33324459134615,-0.397,0,12.011,0.339967,0.359824
313,C,CZ,-0.546944110576923,1.08524459134615,-0.397,0,12.011,0.339967,0.359824
363,C,CZ,-0.192944110576923,0.717244591346154,-0.397,0,12.011,0.339967,0.359824
314,C,CZ,-0.402944110576923,1.08924459134615,-0.396000000000001,0,12.011,0.339967,0.359824
371,C,CZ,1.59105588942308,0.595244591346154,-0.396000000000001,0,12.011,0.339967,0.359824
394,C,CZ,-0.335944110576923,0.470244591346154,-0.396000000000001,0,12.011,0.339967,0.359824
10,C,CZ,-0.333944110576923,0.222244591346154,-0.395000000000001,0,12.011,0.339967,0.359824
258,C,CZ,1.37605588942308,1.46124459134615,-0.395000000000001,0,12.011,0.339967,0.359824
329,C,CZ,-0.616944110576923,0.959244591346154,-0.395000000000001,0,12.011,0.339967,0.359824
339,C,CZ,1.59505588942308,0.841244591346154,-0.395000000000001,0,12.011,0.339967,0.359824
378,C,CZ,-0.407944110576923,0.594244591346154,-0.395000000000001,0,12.011,0.339967,0.359824
410,C,CZ,-0.409944110576923,0.347244591346154,-0.395000000000001,0,12.011,0.339967,0.359824
273,C,CZ,1.16205588942308,1.33424459134615,-0.394,0,12.011,0.339967,0.359824
281,C,CZ,-0.546944110576923,1.33324459134615,-0.394,0,12.011,0.339967,0.359824
298,C,CZ,-0.331944110576923,1.21424459134615,-0.394,0,12.011,0.339967,0.359824
43,C,CZ,-0.191944110576923,-0.024755408653846,-0.393000000000001,0,12.011,0.339967,0.359824
284,C,CZ,0.025055889423077,1.33224459134615,-0.393000000000001,0,12.011,0.339967,0.359824
336,C,CZ,0.949055889423077,0.967244591346154,-0.393000000000001,0,12.011,0.339967,0.359824
396,C,CZ,0.093055889423077,0.476244591346154,-0.393000000000001,0,12.011,0.339967,0.359824
345,C,CZ,-0.546944110576923,0.835244591346154,-0.392000000000001,0,12.011,0.339967,0.359824
364,C,CZ,0.093055889423077,0.718244591346154,-0.392000000000001,0,12.011,0.339967,0.359824
242,C,CZ,1.30605588942308,1.58524459134615,-0.391,0,12.011,0.339967,0.359824
297,C,CZ,-0.615944110576923,1.20824459134615,-0.391,0,12.011,0.339967,0.359824
356,C,CZ,-1.61694411057692,0.719244591346154,-0.391,0,12.011,0.339967,0.359824
413,C,CZ,0.308055889423077,0.356244591346154,-0.391,0,12.011,0.339967,0.359824
414,C,CZ,0.452055889423077,0.348244591346154,-0.391,0,12.011,0.339967,0.359824
296,C,CZ,-0.759944110576923,1.21124459134615,-0.390000000000001,0,12.011,0.339967,0.359824
300,C,CZ,0.094055889423077,1.20924459134615,-0.390000000000001,0,12.011,0.339967,0.359824
308,C,CZ,-1.68594411057692,1.09024459134615,-0.390000000000001,0,12.011,0.339967,0.359824
316,C,CZ,0.022055889423077,1.08624459134615,-0.390000000000001,0,12.011,0.339967,0.359824
355,C,CZ,1.52205588942308,0.717244591346154,-0.390000000000001,0,12.011,0.339967,0.359824
372,C,CZ,-1.69294411057692,0.590244591346154,-0.390000000000001,0,12.011,0.339967,0.359824
411,C,CZ,-0.121944110576923,0.350244591346154,-0.390000000000001,0,12.011,0.339967,0.359824
13,C,CZ,0.236055889423077,0.230244591346154,-0.389000000000001,0,12.011,0.339967,0.359824
29,C,CZ,0.306055889423077,0.105244591346154,-0.389000000000001,0,12.011,0.339967,0.359824
59,C,CZ,-0.125944110576923,-0.147755408653846,-0.389000000000001,0,12.011,0.339967,0.359824
292,C,CZ,-1.61894411057692,1.21424459134615,-0.389000000000001,0,12.011,0.339967,0.359824
387,C,CZ,1.51905588942308,0.474244591346154,-0.389000000000001,0,12.011,0.339967,0.359824
415,C,CZ,0.736055889423077,0.342244591346154,-0.389000000000001,0,12.011,0.339967,0.359824
20,C,CZ,-1.68794411057692,0.097244591346154,-0.388000000000002,0,12.011,0.339967,0.359824
301,C,CZ,0.236055889423077,1.20924459134615,-0.388000000000002,0,12.011,0.339967,0.359824
311,C,CZ,-0.975944110576923,1.09224459134615,-0.388000000000002,0,12.011,0.339967,0.359824
312,C,CZ,-0.831944110576923,1.09024459134615,-0.388000000000002,0,12.011,0.339967,0.359824
320,C,CZ,0.877055889423077,1.08624459134615,-0.388000000000002,0,12.011,0.339967,0.359824
325,C,CZ,-1.47594411057692,0.972244591346154,-0.388000000000002,0,12.011,0.339967,0.359824
333,C,CZ,0.238055889423077,0.966244591346154,-0.388000000000002,0,12.011,0.339967,0.359824
344,C,CZ,-0.833944110576923,0.843244591346154,-0.388000000000002,0,12.011,0.339967,0.359824
360,C,CZ,-0.762944110576923,0.715244591346154,-0.388000000000002,0,12.011,0.339967,0.359824
409,C,CZ,-0.549944110576923,0.341244591346154,-0.388000000000002,0,12.011,0.339967,0.359824
27,C,CZ,-0.119944110576923,0.099244591346154,-0.387,0,12.011,0.339967,0.359824
30,C,CZ,0.450055889423077,0.104244591346154,-0.387,0,12.011,0.339967,0.359824
31,C,CZ,0.734055889423077,0.097244591346154,-0.387,0,12.011,0.339967,0.359824
42,C,CZ,-0.332944110576923,-0.023755408653846,-0.387,0,12.011,0.339967,0.359824
46,C,CZ,0.522055889423077,-0.021755408653846,-0.387,0,12.011,0.339967,0.359824
265,C,CZ,-0.619944110576923,1.46024459134615,-0.387,0,12.011,0.339967,0.359824
266,C,CZ,-0.333944110576923,1.45924459134615,-0.387,0,12.011,0.339967,0.359824
332,C,CZ,0.092055889423077,0.963244591346154,-0.387,0,12.011,0.339967,0.359824
353,C,CZ,1.09205588942308,0.719244591346154,-0.387,0,12.011,0.339967,0.359824
370,C,CZ,1.30805588942308,0.597244591346154,-0.387,0,12.011,0.339967,0.359824
393,C,CZ,-0.617944110576923,0.466244591346154,-0.387,0,12.011,0.339967,0.359824
12,C,CZ,0.092055889423077,0.227244591346154,-0.386000000000001,0,12.011,0.339967,0.359824
14,C,CZ,0.522055889423077,0.224244591346154,-0.386000000000001,0,12.011,0.339967,0.359824
15,C,CZ,0.663055889423077,0.219244591346154,-0.386000000000001,0,12.011,0.339967,0.359824
276,C,CZ,-1.69594411057692,1.34124459134615,-0.386000000000001,0,12.011,0.339967,0.359824
304,C,CZ,0.950055889423077,1.20824459134615,-0.386000000000001,0,12.011,0.339967,0.359824
327,C,CZ,-1.04394411057692,0.966244591346154,-0.386000000000001,0,12.011,0.339967,0.359824
369,C,CZ,1.16705588942308,0.592244591346154,-0.386000000000001,0,12.011,0.339967,0.359824
377,C,CZ,-0.550944110576923,0.588244591346154,-0.386000000000001,0,12.011,0.339967,0.359824
386,C,CZ,1.38005588942308,0.476244591346154,-0.386000000000001,0,12.011,0.339967,0.359824
399,C,CZ,0.663055889423077,0.471244591346154,-0.386000000000001,0,12.011,0.339967,0.359824
11,C,CZ,-0.191944110576923,0.222244591346154,-0.385000000000002,0,12.011,0.339967,0.359824
26,C,CZ,-0.402944110576923,0.097244591346154,-0.385000000000002,0,12.011,0.339967,0.359824
28,C,CZ,0.020055889423077,0.104244591346154,-0.385000000000002,0,12.011,0.339967,0.359824
267,C,CZ,-0.191944110576923,1.45524459134615,-0.385000000000002,0,12.011,0.339967,0.359824
285,C,CZ,0.308055889423077,1.33224459134615,-0.385000000000002,0,12.011,0.339967,0.359824
317,C,CZ,0.311055889423077,1.08924459134615,-0.385000000000002,0,12.011,0.339967,0.359824
385,C,CZ,1.09205588942308,0.467244591346154,-0.385000000000002,0,12.011,0.339967,0.359824
403,C,CZ,1.58705588942308,0.350244591346154,-0.385000000000002,0,12.011,0.339967,0.359824
416,C,CZ,0.877055889423077,0.345244591346154,-0.385000000000002,0,12.011,0.339967,0.359824
302,C,CZ,0.523055889423077,1.21224459134615,-0.384,0,12.011,0.339967,0.359824
318,C,CZ,0.454055889423077,1.08724459134615,-0.384,0,12.011,0.339967,0.359824
342,C,CZ,-1.25994411057692,0.844244591346154,-0.384,0,12.011,0.339967,0.359824
361,C,CZ,-0.621944110576923,0.713244591346154,-0.384,0,12.011,0.339967,0.359824
3,C,CZ,1.52205588942308,0.222244591346154,-0.383000000000001,0,12.011,0.339967,0.359824
241,C,CZ,1.16005588942308,1.58024459134615,-0.383000000000001,0,12.011,0.339967,0.359824
324,C,CZ,-1.61994411057692,0.965244591346154,-0.383000000000001,0,12.011,0.339967,0.359824
340,C,CZ,-1.68694411057692,0.843244591346154,-0.383000000000001,0,12.011,0.339967,0.359824
388,C,CZ,-1.62294411057692,0.463244591346154,-0.383000000000001,0,12.011,0.339967,0.359824
392,C,CZ,-0.762944110576923,0.469244591346154,-0.383000000000001,0,12.011,0.339967,0.359824
397,C,CZ,0.235055889423077,0.475244591346154,-0.383000000000001,0,12.011,0.339967,0.359824
47,C,CZ,0.664055889423077,-0.025755408653846,-0.382000000000002,0,12.011,0.339967,0.359824
243,C,CZ,1.58305588942308,1.58924459134615,-0.382000000000002,0,12.011,0.339967,0.359824
286,C,CZ,0.453055889423077,1.33524459134615,-0.382000000000002,0,12.011,0.339967,0.359824
293,C,CZ,-1.47594411057692,1.21624459134615,-0.382000000000002,0,12.011,0.339967,0.359824
341,C,CZ,-1.40394411057692,0.850244591346154,-0.382000000000002,0,12.011,0.339967,0.359824
376,C,CZ,-0.835944110576923,0.590244591346154,-0.382000000000002,0,12.011,0.339967,0.359824
4,C,CZ,-1.62194411057692,0.225244591346154,-0.381,0,12.011,0.339967,0.359824
16,C,CZ,0.949055889423077,0.224244591346154,-0.381,0,12.011,0.339967,0.359824
74,C,CZ,-0.338944110576923,-0.271755408653846,-0.381,0,12.011,0.339967,0.359824
226,C,CZ,1.37405588942308,-1.50375540865385,-0.381,0,12.011,0.339967,0.359824
349,C,CZ,0.310055889423077,0.841244591346154,-0.381,0,12.011,0.339967,0.359824
365,C,CZ,0.240055889423077,0.719244591346154,-0.381,0,12.011,0.339967,0.359824
374,C,CZ,-1.26494411057692,0.594244591346154,-0.381,0,12.011,0.339967,0.359824
400,C,CZ,0.951055889423077,0.468244591346154,-0.381,0,12.011,0.339967,0.359824
402,C,CZ,1.30605588942308,0.352244591346154,-0.381,0,12.011,0.339967,0.359824
36,C,CZ,-1.61194411057692,-0.023755408653846,-0.380000000000001,0,12.011,0.339967,0.359824
44,C,CZ,0.094055889423077,-0.015755408653846,-0.380000000000001,0,12.011,0.339967,0.359824
45,C,CZ,0.237055889423077,-0.020755408653846,-0.380000000000001,0,12.011,0.339967,0.359824
160,C,CZ,0.878055889423077,-0.886755408653846,-0.380000000000001,0,12.011,0.339967,0.359824
257,C,CZ,1.09105588942308,1.46024459134615,-0.380000000000001,0,12.011,0.339967,0.359824
309,C,CZ,-1.40794411057692,1.08924459134615,-0.380000000000001,0,12.011,0.339967,0.359824
343,C,CZ,-0.977944110576923,0.844244591346154,-0.380000000000001,0,12.011,0.339967,0.359824
404,C,CZ,-1.69394411057692,0.343244591346154,-0.380000000000001,0,12.011,0.339967,0.359824
19,C,CZ,1.59405588942308,0.097244591346154,-0.379000000000001,0,12.011,0.339967,0.359824
34,C,CZ,1.37805588942308,-0.020755408653846,-0.379000000000001,0,12.011,0.339967,0.359824
76,C,CZ,0.093055889423077,-0.262755408653846,-0.379000000000001,0,12.011,0.339967,0.359824
188,C,CZ,0.022055889423077,-1.13375540865385,-0.379000000000001,0,12.011,0.339967,0.359824
250,C,CZ,-0.407944110576923,1.58124459134615,-0.379000000000001,0,12.011,0.339967,0.359824
252,C,CZ,0.024055889423077,1.57924459134615,-0.379000000000001,0,12.011,0.339967,0.359824
268,C,CZ,0.097055889423077,1.45624459134615,-0.379000000000001,0,12.011,0.339967,0.359824
277,C,CZ,-1.40994411057692,1.34024459134615,-0.379000000000001,0,12.011,0.339967,0.359824
280,C,CZ,-0.832944110576923,1.33624459134615,-0.379000000000001,0,12.011,0.339967,0.359824
295,C,CZ,-1.04994411057692,1.21324459134615,-0.379000000000001,0,12.011,0.339967,0.359824
310,C,CZ,-1.26694411057692,1.09224459134615,-0.379000000000001,0,12.011,0.339967,0.359824
373,C,CZ,-1.40994411057692,0.596244591346154,-0.379000000000001,0,12.011,0.339967,0.359824
383,C,CZ,0.741055889423077,0.594244591346154,-0.379000000000001,0,12.011,0.339967,0.359824
401,C,CZ,1.16605588942308,0.347244591346154,-0.379000000000001,0,12.011,0.339967,0.359824
408,C,CZ,-0.833944110576923,0.347244591346154,-0.379000000000001,0,12.011,0.339967,0.359824
2,C,CZ,1.38105588942308,0.227244591346154,-0.378,0,12.011,0.339967,0.359824
62,C,CZ,0.450055889423077,-0.143755408653846,-0.378,0,12.011,0.339967,0.359824
92,C,CZ,0.019055889423077,-0.386755408653846,-0.378,0,12.011,0.339967,0.359824
108,C,CZ,0.090055889423077,-0.509755408653846,-0.378,0,12.011,0.339967,0.359824
210,C,CZ,1.30205588942308,-1.38075540865385,-0.378,0,12.011,0.339967,0.359824
244,C,CZ,-1.69594411057692,1.58824459134615,-0.378,0,12.011,0.339967,0.359824
256,C,CZ,0.876055889423077,1.58324459134615,-0.378,0,12.011,0.339967,0.359824
264,C,CZ,-0.759944110576923,1.45924459134615,-0.378,0,12.011,0.339967,0.359824
294,C,CZ,-1.19494411057692,1.21424459134615,-0.378,0,12.011,0.339967,0.359824
384,C,CZ,0.879055889423077,0.594244591346154,-0.378,0,12.011,0.339967,0.359824
390,C,CZ,-1.19194411057692,0.471244591346154,-0.378,0,12.011,0.339967,0.359824
9,C,CZ,-0.621944110576923,0.224244591346154,-0.377000000000001,0,12.011,0.339967,0.359824
53,C,CZ,-1.39794411057692,-0.146755408653846,-0.377000000000001,0,12.011,0.339967,0.359824
109,C,CZ,0.230055889423077,-0.515755408653846,-0.377000000000001,0,12.011,0.339967,0.359824
176,C,CZ,0.946055889423077,-1.00875540865385,-0.377000000000001,0,12.011,0.339967,0.359824
187,C,CZ,-0.123944110576923,-1.13175540865385,-0.377000000000001,0,12.011,0.339967,0.359824
249,C,CZ,-0.549944110576923,1.58824459134615,-0.377000000000001,0,12.011,0.339967,0.359824
251,C,CZ,-0.118944110576923,1.58324459134615,-0.377000000000001,0,12.011,0.339967,0.359824
279,C,CZ,-0.975944110576923,1.34224459134615,-0.377000000000001,0,12.011,0.339967,0.359824
326,C,CZ,-1.18994411057692,0.969244591346154,-0.377000000000001,0,12.011,0.339967,0.359824
366,C,CZ,0.528055889423077,0.715244591346154,-0.377000000000001,0,12.011,0.339967,0.359824
381,C,CZ,0.310055889423077,0.596244591346154,-0.377000000000001,0,12.011,0.339967,0.359824
37,C,CZ,-1.46894411057692,-0.025755408653846,-0.376000000000001,0,12.011,0.339967,0.359824
77,C,CZ,0.236055889423077,-0.266755408653846,-0.376000000000001,0,12.011,0.339967,0.359824
225,C,CZ,1.08805588942308,-1.50875540865385,-0.376000000000001,0,12.011,0.339967,0.359824
227,C,CZ,1.51605588942308,-1.49975540865385,-0.376000000000001,0,12.011,0.339967,0.359824
350,C,CZ,0.454055889423077,0.838244591346154,-0.376000000000001,0,12.011,0.339967,0.359824
358,C,CZ,-1.18994411057692,0.718244591346154,-0.376000000000001,0,12.011,0.339967,0.359824
398,C,CZ,0.524055889423077,0.468244591346154,-0.376000000000001,0,12.011,0.339967,0.359824
58,C,CZ,-0.407944110576923,-0.145755408653846,-0.375,0,12.011,0.339967,0.359824
60,C,CZ,0.015055889423077,-0.138755408653846,-0.375,0,12.011,0.339967,0.359824
75,C,CZ,-0.196944110576923,-0.269755408653846,-0.375,0,12.011,0.339967,0.359824
125,C,CZ,0.308055889423077,-0.636755408653846,-0.375,0,12.011,0.339967,0.359824
155,C,CZ,-0.121944110576923,-0.878755408653846,-0.375,0,12.011,0.339967,0.359824
171,C,CZ,-0.191944110576923,-1.00175540865385,-0.375,0,12.011,0.339967,0.359824
191,C,CZ,0.734055889423077,-1.13075540865385,-0.375,0,12.011,0.339967,0.359824
233,C,CZ,-0.625944110576923,-1.50175540865385,-0.375,0,12.011,0.339967,0.359824
239,C,CZ,0.663055889423077,-1.51075540865385,-0.375,0,12.011,0.339967,0.359824
240,C,CZ,0.944055889423077,-1.50875540865385,-0.375,0,12.011,0.339967,0.359824
278,C,CZ,-1.26694411057692,1.33524459134615,-0.375,0,12.011,0.339967,0.359824
303,C,CZ,0.666055889423078,1.21124459134615,-0.375,0,12.011,0.339967,0.359824
352,C,CZ,0.880055889423077,0.841244591346154,-0.375,0,12.011,0.339967,0.359824
1,C,CZ,1.09805588942308,0.222244591346154,-0.374000000000001,0,12.011,0.339967,0.359824
35,C,CZ,1.52205588942308,-0.023755408653846,-0.374000000000001,0,12.011,0.339967,0.359824
52,C,CZ,-1.68494411057692,-0.143755408653846,-0.374000000000001,0,12.011,0.339967,0.359824
219,C,CZ,-0.118944110576923,-1.37975540865385,-0.374000000000001,0,12.011,0.339967,0.359824
228,C,CZ,-1.62294411057692,-1.49975540865385,-0.374000000000001,0,12.011,0.339967,0.359824
230,C,CZ,-1.18794411057692,-1.50575540865385,-0.374000000000001,0,12.011,0.339967,0.359824
245,C,CZ,-1.40794411057692,1.58624459134615,-0.374000000000001,0,12.011,0.339967,0.359824
260,C,CZ,-1.62194411057692,1.46124459134615,-0.374000000000001,0,12.011,0.339967,0.359824
270,C,CZ,0.527055889423077,1.46224459134615,-0.374000000000001,0,12.011,0.339967,0.359824
319,C,CZ,0.734055889423077,1.08724459134615,-0.374000000000001,0,12.011,0.339967,0.359824
335,C,CZ,0.665055889423077,0.964244591346154,-0.374000000000001,0,12.011,0.339967,0.359824
351,C,CZ,0.738055889423077,0.840244591346154,-0.374000000000001,0,12.011,0.339967,0.359824
368,C,CZ,0.947055889423077,0.718244591346154,-0.374000000000001,0,12.011,0.339967,0.359824
405,C,CZ,-1.41194411057692,0.347244591346154,-0.374000000000001,0,12.011,0.339967,0.359824
51,C,CZ,1.59605588942308,-0.147755408653846,-0.373000000000001,0,12.011,0.339967,0.359824
156,C,CZ,0.022055889423077,-0.885755408653846,-0.373000000000001,0,12.011,0.339967,0.359824
159,C,CZ,0.738055889423077,-0.886755408653846,-0.373000000000001,0,12.011,0.339967,0.359824
204,C,CZ,0.094055889423077,-1.25575540865385,-0.373000000000001,0,12.011,0.339967,0.359824
220,C,CZ,0.025055889423077,-1.38175540865385,-0.373000000000001,0,12.011,0.339967,0.359824
229,C,CZ,-1.47794411057692,-1.50475540865385,-0.373000000000001,0,12.011,0.339967,0.359824
232,C,CZ,-0.764944110576923,-1.50575540865385,-0.373000000000001,0,12.011,0.339967,0.359824
261,C,CZ,-1.48094411057692,1.46524459134615,-0.373000000000001,0,12.011,0.339967,0.359824
367,C,CZ,0.666055889423078,0.712244591346154,-0.373000000000001,0,12.011,0.339967,0.359824
375,C,CZ,-0.979944110576923,0.595244591346154,-0.373000000000001,0,12.011,0.339967,0.359824
389,C,CZ,-1.48094411057692,0.472244591346154,-0.373000000000001,0,12.011,0.339967,0.359824
18,C,CZ,1.30505588942308,0.103244591346154,-0.372000000000002,0,12.011,0.339967,0.359824
21,C,CZ,-1.40094411057692,0.099244591346154,-0.372000000000002,0,12.011,0.339967,0.359824
61,C,CZ,0.308055889423077,-0.143755408653846,-0.372000000000002,0,12.011,0.339967,0.359824
68,C,CZ,-1.61794411057692,-0.269755408653846,-0.372000000000002,0,12.011,0.339967,0.359824
209,C,CZ,1.16005588942308,-1.38275540865385,-0.372000000000002,0,12.011,0.339967,0.359824
236,C,CZ,0.091055889423077,-1.50675540865385,-0.372000000000002,0,12.011,0.339967,0.359824
237,C,CZ,0.232055889423077,-1.50475540865385,-0.372000000000002,0,12.011,0.339967,0.359824
238,C,CZ,0.518055889423077,-1.50775540865385,-0.372000000000002,0,12.011,0.339967,0.359824
253,C,CZ,0.310055889423077,1.58424459134615,-0.372000000000002,0,12.011,0.339967,0.359824
334,C,CZ,0.528055889423077,0.964244591346154,-0.372000000000002,0,12.011,0.339967,0.359824
406,C,CZ,-1.26494411057692,0.349244591346154,-0.372000000000002,0,12.011,0.339967,0.359824
5,C,CZ,-1.47894411057692,0.222244591346154,-0.371,0,12.011,0.339967,0.359824
25,C,CZ,-0.545944110576923,0.099244591346154,-0.371,0,12.011,0.339967,0.359824
90,C,CZ,-0.411944110576923,-0.391755408653846,-0.371,0,12.011,0.339967,0.359824
91,C,CZ,-0.120944110576923,-0.389755408653846,-0.371,0,12.011,0.339967,0.359824
172,C,CZ,0.096055889423077,-1.00575540865385,-0.371,0,12.011,0.339967,0.359824
192,C,CZ,0.872055889423077,-1.13175540865385,-0.371,0,12.011,0.339967,0.359824
203,C,CZ,-0.193944110576923,-1.25875540865385,-0.371,0,12.011,0.339967,0.359824
211,C,CZ,1.58505588942308,-1.37675540865385,-0.371,0,12.011,0.339967,0.359824
223,C,CZ,0.730055889423077,-1.38375540865385,-0.371,0,12.011,0.339967,0.359824
224,C,CZ,0.875055889423077,-1.38175540865385,-0.371,0,12.011,0.339967,0.359824
235,C,CZ,-0.192944110576923,-1.50675540865385,-0.371,0,12.011,0.339967,0.359824
246,C,CZ,-1.26494411057692,1.58724459134615,-0.371,0,12.011,0.339967,0.359824
255,C,CZ,0.733055889423077,1.58324459134615,-0.371,0,12.011,0.339967,0.359824
272,C,CZ,0.947055889423077,1.45724459134615,-0.371,0,12.011,0.339967,0.359824
357,C,CZ,-1.47794411057692,0.723244591346154,-0.371,0,12.011,0.339967,0.359824
359,C,CZ,-1.04694411057692,0.720244591346154,-0.371,0,12.011,0.339967,0.359824
382,C,CZ,0.457055889423077,0.594244591346154,-0.371,0,12.011,0.339967,0.359824
8,C,CZ,-0.760944110576923,0.224244591346154,-0.370000000000001,0,12.011,0.339967,0.359824
69,C,CZ,-1.47394411057692,-0.269755408653846,-0.370000000000001,0,12.011,0.339967,0.359824
124,C,CZ,0.022055889423077,-0.633755408653846,-0.370000000000001,0,12.011,0.339967,0.359824
140,C,CZ,0.097055889423077,-0.757755408653846,-0.370000000000001,0,12.011,0.339967,0.359824
161,C,CZ,1.08905588942308,-1.00975540865385,-0.370000000000001,0,12.011,0.339967,0.359824
170,C,CZ,-0.336944110576923,-1.00975540865385,-0.370000000000001,0,12.011,0.339967,0.359824
180,C,CZ,-1.69294411057692,-1.13075540865385,-0.370000000000001,0,12.011,0.339967,0.359824
269,C,CZ,0.238055889423077,1.45924459134615,-0.370000000000001,0,12.011,0.339967,0.359824
391,C,CZ,-1.04894411057692,0.469244591346154,-0.370000000000001,0,12.011,0.339967,0.359824
32,C,CZ,0.876055889423077,0.099244591346154,-0.369000000000002,0,12.011,0.339967,0.359824
78,C,CZ,0.519055889423077,-0.265755408653846,-0.369000000000002,0,12.011,0.339967,0.359824
79,C,CZ,0.660055889423077,-0.272755408653846,-0.369000000000002,0,12.011,0.339967,0.359824
89,C,CZ,-0.551944110576923,-0.394755408653846,-0.369000000000002,0,12.011,0.339967,0.359824
193,C,CZ,1.09005588942308,-1.25875540865385,-0.369000000000002,0,12.011,0.339967,0.359824
194,C,CZ,1.37305588942308,-1.25675540865385,-0.369000000000002,0,12.011,0.339967,0.359824
202,C,CZ,-0.335944110576923,-1.25675540865385,-0.369000000000002,0,12.011,0.339967,0.359824
207,C,CZ,0.665055889423077,-1.25675540865385,-0.369000000000002,0,12.011,0.339967,0.359824
262,C,CZ,-1.19794411057692,1.46124459134615,-0.369000000000002,0,12.011,0.339967,0.359824
138,C,CZ,-0.336944110576923,-0.762755408653846,-0.368,0,12.011,0.339967,0.359824
179,C,CZ,1.58505588942308,-1.13275540865385,-0.368,0,12.011,0.339967,0.359824
217,C,CZ,-0.554944110576923,-1.37775540865385,-0.368,0,12.011,0.339967,0.359824
222,C,CZ,0.449055889423077,-1.38375540865385,-0.368,0,12.011,0.339967,0.359824
7,C,CZ,-1.05094411057692,0.224244591346154,-0.367000000000001,0,12.011,0.339967,0.359824
50,C,CZ,1.30405588942308,-0.139755408653846,-0.367000000000001,0,12.011,0.339967,0.359824
63,C,CZ,0.735055889423077,-0.150755408653846,-0.367000000000001,0,12.011,0.339967,0.359824
141,C,CZ,0.238055889423077,-0.761755408653846,-0.367000000000001,0,12.011,0.339967,0.359824
144,C,CZ,0.949055889423077,-0.763755408653846,-0.367000000000001,0,12.011,0.339967,0.359824
175,C,CZ,0.665055889423077,-1.01075540865385,-0.367000000000001,0,12.011,0.339967,0.359824
197,C,CZ,-1.47594411057692,-1.25875540865385,-0.367000000000001,0,12.011,0.339967,0.359824
213,C,CZ,-1.40394411057692,-1.38175540865385,-0.367000000000001,0,12.011,0.339967,0.359824
407,C,CZ,-0.976944110576923,0.346244591346154,-0.367000000000001,0,12.011,0.339967,0.359824
6,C,CZ,-1.18994411057692,0.224244591346154,-0.366000000000001,0,12.011,0.339967,0.359824
17,C,CZ,1.17005588942308,0.097244591346154,-0.366000000000001,0,12.011,0.339967,0.359824
23,C,CZ,-0.974944110576923,0.101244591346154,-0.366000000000001,0,12.011,0.339967,0.359824
24,C,CZ,-0.828944110576923,0.101244591346154,-0.366000000000001,0,12.011,0.339967,0.359824
57,C,CZ,-0.551944110576923,-0.146755408653846,-0.366000000000001,0,12.011,0.339967,0.359824
139,C,CZ,-0.191944110576923,-0.753755408653846,-0.366000000000001,0,12.011,0.339967,0.359824
173,C,CZ,0.238055889423077,-1.00575540865385,-0.366000000000001,0,12.011,0.339967,0.359824
185,C,CZ,-0.550944110576923,-1.13275540865385,-0.366000000000001,0,12.011,0.339967,0.359824
186,C,CZ,-0.404944110576923,-1.13275540865385,-0.366000000000001,0,12.011,0.339967,0.359824
189,C,CZ,0.308055889423077,-1.13475540865385,-0.366000000000001,0,12.011,0.339967,0.359824
196,C,CZ,-1.62294411057692,-1.25575540865385,-0.366000000000001,0,12.011,0.339967,0.359824
231,C,CZ,-1.04294411057692,-1.50575540865385,-0.366000000000001,0,12.011,0.339967,0.359824
271,C,CZ,0.667055889423077,1.46124459134615,-0.366000000000001,0,12.011,0.339967,0.359824
287,C,CZ,0.734055889423077,1.33524459134615,-0.366000000000001,0,12.011,0.339967,0.359824
22,C,CZ,-1.25894411057692,0.103244591346154,-0.365,0,12.011,0.339967,0.359824
84,C,CZ,-1.68794411057692,-0.392755408653846,-0.365,0,12.011,0.339967,0.359824
123,C,CZ,-0.118944110576923,-0.630755408653846,-0.365,0,12.011,0.339967,0.359824
205,C,CZ,0.235055889423077,-1.25675540865385,-0.365,0,12.011,0.339967,0.359824
212,C,CZ,-1.69394411057692,-1.37575540865385,-0.365,0,12.011,0.339967,0.359824
54,C,CZ,-1.25894411057692,-0.148755408653846,-0.364000000000001,0,12.011,0.339967,0.359824
66,C,CZ,1.37505588942308,-0.265755408653846,-0.364000000000001,0,12.011,0.339967,0.359824
86,C,CZ,-1.26094411057692,-0.395755408653846,-0.364000000000001,0,12.011,0.339967,0.359824
154,C,CZ,-0.406944110576923,-0.886755408653846,-0.364000000000001,0,12.011,0.339967,0.359824
165,C,CZ,-1.47794411057692,-1.01675540865385,-0.364000000000001,0,12.011,0.339967,0.359824
177,C,CZ,1.16005588942308,-1.13475540865385,-0.364000000000001,0,12.011,0.339967,0.359824
195,C,CZ,1.51405588942308,-1.25375540865385,-0.364000000000001,0,12.011,0.339967,0.359824
234,C,CZ,-0.340944110576923,-1.50675540865385,-0.364000000000001,0,12.011,0.339967,0.359824
254,C,CZ,0.451055889423077,1.58224459134615,-0.364000000000001,0,12.011,0.339967,0.359824
83,C,CZ,1.59205588942308,-0.397755408653846,-0.363000000000001,0,12.011,0.339967,0.359824
85,C,CZ,-1.40494411057692,-0.392755408653846,-0.363000000000001,0,12.011,0.339967,0.359824
128,C,CZ,0.880055889423077,-0.639755408653846,-0.363000000000001,0,12.011,0.339967,0.359824
181,C,CZ,-1.40794411057692,-1.13575540865385,-0.363000000000001,0,12.011,0.339967,0.359824
198,C,CZ,-1.18494411057692,-1.25775540865385,-0.363000000000001,0,12.011,0.339967,0.359824
206,C,CZ,0.523055889423077,-1.25975540865385,-0.363000000000001,0,12.011,0.339967,0.359824
208,C,CZ,0.949055889423077,-1.25475540865385,-0.363000000000001,0,12.011,0.339967,0.359824
218,C,CZ,-0.408944110576923,-1.38075540865385,-0.363000000000001,0,12.011,0.339967,0.359824
288,C,CZ,0.880055889423077,1.32924459134615,-0.363000000000001,0,12.011,0.339967,0.359824
67,C,CZ,1.52005588942308,-0.268755408653846,-0.362,0,12.011,0.339967,0.359824
93,C,CZ,0.302055889423077,-0.390755408653846,-0.362,0,12.011,0.339967,0.359824
94,C,CZ,0.445055889423077,-0.386755408653846,-0.362,0,12.011,0.339967,0.359824
190,C,CZ,0.449055889423077,-1.13175540865385,-0.362,0,12.011,0.339967,0.359824
214,C,CZ,-1.26294411057692,-1.38175540865385,-0.362,0,12.011,0.339967,0.359824
215,C,CZ,-0.977944110576923,-1.38275540865385,-0.362,0,12.011,0.339967,0.359824
216,C,CZ,-0.838944110576923,-1.38275540865385,-0.362,0,12.011,0.339967,0.359824
221,C,CZ,0.306055889423077,-1.37975540865385,-0.362,0,12.011,0.339967,0.359824
41,C,CZ,-0.619944110576923,-0.017755408653846,-0.361000000000001,0,12.011,0.339967,0.359824
88,C,CZ,-0.835944110576923,-0.392755408653846,-0.361000000000001,0,12.011,0.339967,0.359824
101,C,CZ,-1.47194411057692,-0.515755408653846,-0.361000000000001,0,12.011,0.339967,0.359824
263,C,CZ,-1.05194411057692,1.46324459134615,-0.361000000000001,0,12.011,0.339967,0.359824
40,C,CZ,-0.761944110576923,-0.021755408653846,-0.360000000000001,0,12.011,0.339967,0.359824
96,C,CZ,0.873055889423077,-0.396755408653846,-0.360000000000001,0,12.011,0.339967,0.359824
107,C,CZ,-0.192944110576923,-0.509755408653846,-0.360000000000001,0,12.011,0.339967,0.359824
130,C,CZ,1.37805588942308,-0.760755408653846,-0.360000000000001,0,12.011,0.339967,0.359824
163,C,CZ,1.51805588942308,-1.00875540865385,-0.360000000000001,0,12.011,0.339967,0.359824
248,C,CZ,-0.831944110576923,1.58124459134615,-0.360000000000001,0,12.011,0.339967,0.359824
33,C,CZ,1.08705588942308,-0.021755408653846,-0.359,0,12.011,0.339967,0.359824
70,C,CZ,-1.18694411057692,-0.272755408653846,-0.359,0,12.011,0.339967,0.359824
127,C,CZ,0.734055889423077,-0.637755408653846,-0.359,0,12.011,0.339967,0.359824
129,C,CZ,1.09505588942308,-0.762755408653846,-0.359,0,12.011,0.339967,0.359824
143,C,CZ,0.666055889423078,-0.760755408653846,-0.359,0,12.011,0.339967,0.359824
153,C,CZ,-0.553944110576923,-0.886755408653846,-0.359,0,12.011,0.339967,0.359824
38,C,CZ,-1.18994411057692,-0.021755408653846,-0.358000000000001,0,12.011,0.339967,0.359824
39,C,CZ,-1.05094411057692,-0.019755408653846,-0.358000000000001,0,12.011,0.339967,0.359824
65,C,CZ,1.09405588942308,-0.269755408653846,-0.358000000000001,0,12.011,0.339967,0.359824
82,C,CZ,1.31305588942308,-0.391755408653846,-0.358000000000001,0,12.011,0.339967,0.359824
95,C,CZ,0.730055889423077,-0.393755408653846,-0.358000000000001,0,12.011,0.339967,0.359824
100,C,CZ,-1.61494411057692,-0.515755408653846,-0.358000000000001,0,12.011,0.339967,0.359824
104,C,CZ,-0.767944110576923,-0.514755408653846,-0.358000000000001,0,12.011,0.339967,0.359824
105,C,CZ,-0.625944110576923,-0.519755408653846,-0.358000000000001,0,12.011,0.339967,0.359824
106,C,CZ,-0.336944110576923,-0.513755408653846,-0.358000000000001,0,12.011,0.339967,0.359824
136,C,CZ,-0.770944110576923,-0.764755408653846,-0.358000000000001,0,12.011,0.339967,0.359824
178,C,CZ,1.30205588942308,-1.13075540865385,-0.358000000000001,0,12.011,0.339967,0.359824
199,C,CZ,-1.04494411057692,-1.26375540865385,-0.358000000000001,0,12.011,0.339967,0.359824
201,C,CZ,-0.625944110576923,-1.25475540865385,-0.358000000000001,0,12.011,0.339967,0.359824
247,C,CZ,-0.971944110576923,1.58324459134615,-0.358000000000001,0,12.011,0.339967,0.359824
110,C,CZ,0.515055889423077,-0.509755408653846,-0.357000000000001,0,12.011,0.339967,0.359824
114,C,CZ,1.30805588942308,-0.638755408653846,-0.357000000000001,0,12.011,0.339967,0.359824
120,C,CZ,-0.837944110576923,-0.639755408653846,-0.357000000000001,0,12.011,0.339967,0.359824
122,C,CZ,-0.406944110576923,-0.637755408653846,-0.357000000000001,0,12.011,0.339967,0.359824
142,C,CZ,0.520055889423077,-0.758755408653846,-0.357000000000001,0,12.011,0.339967,0.359824
147,C,CZ,1.59305588942308,-0.885755408653846,-0.357000000000001,0,12.011,0.339967,0.359824
148,C,CZ,-1.68994411057692,-0.883755408653846,-0.357000000000001,0,12.011,0.339967,0.359824
151,C,CZ,-0.980944110576923,-0.891755408653846,-0.357000000000001,0,12.011,0.339967,0.359824
152,C,CZ,-0.840944110576923,-0.888755408653846,-0.357000000000001,0,12.011,0.339967,0.359824
183,C,CZ,-0.981944110576923,-1.13475540865385,-0.357000000000001,0,12.011,0.339967,0.359824
99,C,CZ,1.51905588942308,-0.520755408653846,-0.356000000000002,0,12.011,0.339967,0.359824
121,C,CZ,-0.551944110576923,-0.641755408653846,-0.356000000000002,0,12.011,0.339967,0.359824
131,C,CZ,1.51805588942308,-0.763755408653846,-0.356000000000002,0,12.011,0.339967,0.359824
164,C,CZ,-1.61894411057692,-1.00875540865385,-0.356000000000002,0,12.011,0.339967,0.359824
169,C,CZ,-0.624944110576923,-1.01275540865385,-0.356000000000002,0,12.011,0.339967,0.359824
49,C,CZ,1.16005588942308,-0.146755408653846,-0.355,0,12.011,0.339967,0.359824
73,C,CZ,-0.617944110576923,-0.267755408653846,-0.355,0,12.011,0.339967,0.359824
112,C,CZ,0.947055889423077,-0.515755408653846,-0.355,0,12.011,0.339967,0.359824
126,C,CZ,0.450055889423077,-0.633755408653846,-0.355,0,12.011,0.339967,0.359824
145,C,CZ,1.16305588942308,-0.886755408653846,-0.355,0,12.011,0.339967,0.359824
200,C,CZ,-0.769944110576923,-1.25875540865385,-0.355,0,12.011,0.339967,0.359824
48,C,CZ,0.947055889423077,-0.020755408653846,-0.354000000000001,0,12.011,0.339967,0.359824
56,C,CZ,-0.830944110576923,-0.145755408653846,-0.354000000000001,0,12.011,0.339967,0.359824
81,C,CZ,1.16905588942308,-0.391755408653846,-0.354000000000001,0,12.011,0.339967,0.359824
137,C,CZ,-0.624944110576923,-0.763755408653846,-0.354000000000001,0,12.011,0.339967,0.359824
116,C,CZ,-1.68794411057692,-0.642755408653846,-0.353000000000002,0,12.011,0.339967,0.359824
149,C,CZ,-1.40794411057692,-0.888755408653846,-0.353000000000002,0,12.011,0.339967,0.359824
157,C,CZ,0.311055889423077,-0.882755408653846,-0.353000000000002,0,12.011,0.339967,0.359824
182,C,CZ,-1.26294411057692,-1.13475540865385,-0.353000000000002,0,12.011,0.339967,0.359824
98,C,CZ,1.37805588942308,-0.517755408653846,-0.352,0,12.011,0.339967,0.359824
102,C,CZ,-1.19594411057692,-0.518755408653846,-0.352,0,12.011,0.339967,0.359824
111,C,CZ,0.657055889423077,-0.517755408653846,-0.352,0,12.011,0.339967,0.359824
115,C,CZ,1.59205588942308,-0.640755408653846,-0.352,0,12.011,0.339967,0.359824
132,C,CZ,-1.61694411057692,-0.764755408653846,-0.352,0,12.011,0.339967,0.359824
168,C,CZ,-0.766944110576923,-1.01375540865385,-0.352,0,12.011,0.339967,0.359824
64,C,CZ,0.879055889423077,-0.151755408653846,-0.351000000000001,0,12.011,0.339967,0.359824
72,C,CZ,-0.760944110576923,-0.268755408653846,-0.351000000000001,0,12.011,0.339967,0.359824
118,C,CZ,-1.26194411057692,-0.642755408653846,-0.351000000000001,0,12.011,0.339967,0.359824
135,C,CZ,-1.05094411057692,-0.765755408653846,-0.351000000000001,0,12.011,0.339967,0.359824
166,C,CZ,-1.19294411057692,-1.01375540865385,-0.351000000000001,0,12.011,0.339967,0.359824
167,C,CZ,-1.05294411057692,-1.01375540865385,-0.351000000000001,0,12.011,0.339967,0.359824
80,C,CZ,0.947055889423077,-0.273755408653846,-0.350000000000001,0,12.011,0.339967,0.359824
133,C,CZ,-1.47294411057692,-0.763755408653846,-0.350000000000001,0,12.011,0.339967,0.359824
184,C,CZ,-0.839944110576923,-1.13275540865385,-0.350000000000001,0,12.011,0.339967,0.359824
103,C,CZ,-1.05394411057692,-0.516755408653846,-0.349,0,12.011,0.339967,0.359824
113,C,CZ,1.16505588942308,-0.636755408653846,-0.349,0,12.011,0.339967,0.359824
134,C,CZ,-1.19494411057692,-0.766755408653846,-0.349,0,12.011,0.339967,0.359824
146,C,CZ,1.30705588942308,-0.880755408653846,-0.349,0,12.011,0.339967,0.359824
174,C,CZ,0.524055889423077,-1.00675540865385,-0.349,0,12.011,0.339967,0.359824
87,C,CZ,-0.978944110576923,-0.392755408653846,-0.348000000000001,0,12.011,0.339967,0.359824
117,C,CZ,-1.40494411057692,-0.639755408653846,-0.348000000000001,0,12.011,0.339967,0.359824
150,C,CZ,-1.26194411057692,-0.889755408653846,-0.348000000000001,0,12.011,0.339967,0.359824
55,C,CZ,-0.976944110576923,-0.144755408653846,-0.347000000000001,0,12.011,0.339967,0.359824
162,C,CZ,1.37705588942308,-1.00675540865385,-0.347000000000001,0,12.011,0.339967,0.359824
119,C,CZ,-0.982944110576923,-0.642755408653846,-0.345000000000001,0,12.011,0.339967,0.359824
158,C,CZ,0.453055889423077,-0.881755408653846,-0.343000000000002,0,12.011,0.339967,0.359824
71,C,CZ,-1.04694411057692,-0.265755408653846,-0.342,0,12.011,0.339967,0.359824
97,C,CZ,1.08805588942308,-0.514755408653846,-0.340000000000002,0,12.011,0.339967,0.359824
804,C,CZ,1.48305588942308,0.975244591346154,-0.066000000000001,0,12.011,0.339967,0.359824
445,C,CZ,-0.017944110576923,0.601244591346154,-0.062000000000001,0,12.011,0.339967,0.359824
810,C,CZ,-0.655944110576923,0.971244591346154,-0.062000000000001,0,12.011,0.339967,0.359824
495,C,CZ,0.343055889423077,0.227244591346154,-0.061000000000002,0,12.011,0.339967,0.359824
511,C,CZ,0.409055889423077,0.103244591346154,-0.060000000000001,0,12.011,0.339967,0.359824
772,C,CZ,1.47505588942308,1.22324459134615,-0.060000000000001,0,12.011,0.339967,0.359824
773,C,CZ,1.62205588942308,1.22324459134615,-0.060000000000001,0,12.011,0.339967,0.359824
788,C,CZ,1.40705588942308,1.09624459134615,-0.060000000000001,0,12.011,0.339967,0.359824
811,C,CZ,-0.511944110576923,0.974244591346154,-0.060000000000001,0,12.011,0.339967,0.359824
480,C,CZ,0.556055889423077,0.354244591346154,-0.059000000000001,0,12.011,0.339967,0.359824
494,C,CZ,0.198055889423077,0.224244591346154,-0.058000000000002,0,12.011,0.339967,0.359824
771,C,CZ,1.19405588942308,1.22124459134615,-0.058000000000002,0,12.011,0.339967,0.359824
787,C,CZ,1.26905588942308,1.09924459134615,-0.058000000000002,0,12.011,0.339967,0.359824
812,C,CZ,-0.224944110576923,0.969244591346154,-0.058000000000002,0,12.011,0.339967,0.359824
479,C,CZ,0.414055889423077,0.354244591346154,-0.057,0,12.011,0.339967,0.359824
829,C,CZ,-0.012944110576923,0.846244591346154,-0.057,0,12.011,0.339967,0.359824
462,C,CZ,0.202055889423077,0.480244591346154,-0.056000000000001,0,12.011,0.339967,0.359824
747,C,CZ,-0.515944110576923,1.46424459134615,-0.056000000000001,0,12.011,0.339967,0.359824
755,C,CZ,1.26705588942308,1.34724459134615,-0.056000000000001,0,12.011,0.339967,0.359824
779,C,CZ,-0.514944110576923,1.21924459134615,-0.056000000000001,0,12.011,0.339967,0.359824
428,C,CZ,-0.227944110576923,0.723244591346154,-0.055000000000002,0,12.011,0.339967,0.359824
478,C,CZ,0.129055889423077,0.354244591346154,-0.055000000000002,0,12.011,0.339967,0.359824
731,C,CZ,-0.443944110576923,1.59224459134615,-0.055000000000002,0,12.011,0.339967,0.359824
798,C,CZ,0.129055889423077,1.09724459134615,-0.055000000000002,0,12.011,0.339967,0.359824
803,C,CZ,1.19405588942308,0.972244591346154,-0.055000000000002,0,12.011,0.339967,0.359824
429,C,CZ,-0.083944110576923,0.723244591346154,-0.054,0,12.011,0.339967,0.359824
510,C,CZ,0.129055889423077,0.102244591346154,-0.054,0,12.011,0.339967,0.359824
754,C,CZ,0.982055889423077,1.34624459134615,-0.054,0,12.011,0.339967,0.359824
758,C,CZ,-1.59094411057692,1.34524459134615,-0.054,0,12.011,0.339967,0.359824
763,C,CZ,-0.443944110576923,1.34124459134615,-0.054,0,12.011,0.339967,0.359824
770,C,CZ,1.05205588942308,1.22424459134615,-0.054,0,12.011,0.339967,0.359824
796,C,CZ,-0.292944110576923,1.09624459134615,-0.054,0,12.011,0.339967,0.359824
813,C,CZ,-0.084944110576923,0.971244591346154,-0.054,0,12.011,0.339967,0.359824
828,C,CZ,-0.301944110576923,0.849244591346154,-0.054,0,12.011,0.339967,0.359824
433,C,CZ,0.842055889423077,0.602244591346154,-0.053000000000001,0,12.011,0.339967,0.359824
446,C,CZ,0.128055889423077,0.604244591346154,-0.053000000000001,0,12.011,0.339967,0.359824
742,C,CZ,-1.51594411057692,1.46824459134615,-0.053000000000001,0,12.011,0.339967,0.359824
774,C,CZ,-1.51694411057692,1.22024459134615,-0.053000000000001,0,12.011,0.339967,0.359824
805,C,CZ,1.62805588942308,0.973244591346154,-0.053000000000001,0,12.011,0.339967,0.359824
541,C,CZ,-0.013944110576923,-0.138755408653846,-0.052000000000001,0,12.011,0.339967,0.359824
741,C,CZ,1.61905588942308,1.47124459134615,-0.052000000000001,0,12.011,0.339967,0.359824
757,C,CZ,1.69005588942308,1.34724459134615,-0.052000000000001,0,12.011,0.339967,0.359824
769,C,CZ,0.764055889423077,1.22024459134615,-0.052000000000001,0,12.011,0.339967,0.359824
461,C,CZ,-0.089944110576923,0.477244591346154,-0.051,0,12.011,0.339967,0.359824
463,C,CZ,0.346055889423077,0.479244591346154,-0.051,0,12.011,0.339967,0.359824
496,C,CZ,0.629055889423077,0.232244591346154,-0.051,0,12.011,0.339967,0.359824
526,C,CZ,0.197055889423077,-0.022755408653846,-0.051,0,12.011,0.339967,0.359824
527,C,CZ,0.340055889423077,-0.022755408653846,-0.051,0,12.011,0.339967,0.359824
826,C,CZ,-0.729944110576923,0.850244591346154,-0.051,0,12.011,0.339967,0.359824
542,C,CZ,0.127055889423077,-0.146755408653846,-0.050000000000001,0,12.011,0.339967,0.359824
738,C,CZ,1.04905588942308,1.47024459134615,-0.050000000000001,0,12.011,0.339967,0.359824
748,C,CZ,-0.230944110576923,1.46324459134615,-0.050000000000001,0,12.011,0.339967,0.359824
756,C,CZ,1.40805588942308,1.34924459134615,-0.050000000000001,0,12.011,0.339967,0.359824
789,C,CZ,1.69205588942308,1.10024459134615,-0.050000000000001,0,12.011,0.339967,0.359824
790,C,CZ,-1.58894411057692,1.09824459134615,-0.050000000000001,0,12.011,0.339967,0.359824
795,C,CZ,-0.439944110576923,1.09424459134615,-0.050000000000001,0,12.011,0.339967,0.359824
820,C,CZ,1.41705588942308,0.850244591346154,-0.050000000000001,0,12.011,0.339967,0.359824
824,C,CZ,-1.15694411057692,0.856244591346154,-0.050000000000001,0,12.011,0.339967,0.359824
430,C,CZ,0.202055889423077,0.727244591346154,-0.049000000000001,0,12.011,0.339967,0.359824
477,C,CZ,-0.016944110576923,0.353244591346154,-0.049000000000001,0,12.011,0.339967,0.359824
481,C,CZ,0.773055889423077,0.233244591346154,-0.049000000000001,0,12.011,0.339967,0.359824
557,C,CZ,-0.085944110576923,-0.261755408653846,-0.049000000000001,0,12.011,0.339967,0.359824
753,C,CZ,0.836055889423077,1.34424459134615,-0.049000000000001,0,12.011,0.339967,0.359824
782,C,CZ,0.199055889423077,1.22224459134615,-0.049000000000001,0,12.011,0.339967,0.359824
784,C,CZ,0.622055889423077,1.21924459134615,-0.049000000000001,0,12.011,0.339967,0.359824
794,C,CZ,-0.724944110576923,1.09324459134615,-0.049000000000001,0,12.011,0.339967,0.359824
797,C,CZ,-0.011944110576923,1.09624459134615,-0.049000000000001,0,12.011,0.339967,0.359824
460,C,CZ,-0.229944110576923,0.475244591346154,-0.048,0,12.011,0.339967,0.359824
512,C,CZ,0.555055889423077,0.106244591346154,-0.048,0,12.011,0.339967,0.359824
558,C,CZ,0.201055889423077,-0.265755408653846,-0.048,0,12.011,0.339967,0.359824
764,C,CZ,-0.301944110576923,1.34324459134615,-0.048,0,12.011,0.339967,0.359824
780,C,CZ,-0.226944110576923,1.22124459134615,-0.048,0,12.011,0.339967,0.359824
802,C,CZ,1.05205588942308,0.976244591346154,-0.048,0,12.011,0.339967,0.359824
823,C,CZ,-1.29794411057692,0.856244591346154,-0.048,0,12.011,0.339967,0.359824
441,C,CZ,-0.870944110576923,0.603244591346154,-0.047000000000001,0,12.011,0.339967,0.359824
725,C,CZ,1.69305588942308,1.59224459134615,-0.047000000000001,0,12.011,0.339967,0.359824
739,C,CZ,1.19405588942308,1.47024459134615,-0.047000000000001,0,12.011,0.339967,0.359824
740,C,CZ,1.47505588942308,1.47224459134615,-0.047000000000001,0,12.011,0.339967,0.359824
767,C,CZ,0.406055889423077,1.34124459134615,-0.047000000000001,0,12.011,0.339967,0.359824
768,C,CZ,0.550055889423077,1.34424459134615,-0.047000000000001,0,12.011,0.339967,0.359824
786,C,CZ,0.979055889423077,1.09824459134615,-0.047000000000001,0,12.011,0.339967,0.359824
830,C,CZ,0.129055889423077,0.850244591346154,-0.047000000000001,0,12.011,0.339967,0.359824
424,C,CZ,-1.08594411057692,0.728244591346154,-0.046000000000001,0,12.011,0.339967,0.359824
425,C,CZ,-0.942944110576923,0.728244591346154,-0.046000000000001,0,12.011,0.339967,0.359824
434,C,CZ,0.984055889423077,0.599244591346154,-0.046000000000001,0,12.011,0.339967,0.359824
737,C,CZ,0.769055889423077,1.47024459134615,-0.046000000000001,0,12.011,0.339967,0.359824
775,C,CZ,-1.37494411057692,1.22524459134615,-0.046000000000001,0,12.011,0.339967,0.359824
785,C,CZ,0.835055889423077,1.09724459134615,-0.046000000000001,0,12.011,0.339967,0.359824
819,C,CZ,1.27605588942308,0.850244591346154,-0.046000000000001,0,12.011,0.339967,0.359824
821,C,CZ,1.69905588942308,0.846244591346154,-0.046000000000001,0,12.011,0.339967,0.359824
420,C,CZ,1.48905588942308,0.727244591346154,-0.045000000000002,0,12.011,0.339967,0.359824
449,C,CZ,0.771055889423077,0.478244591346154,-0.045000000000002,0,12.011,0.339967,0.359824
450,C,CZ,1.05805588942308,0.476244591346154,-0.045000000000002,0,12.011,0.339967,0.359824
464,C,CZ,0.628055889423077,0.476244591346154,-0.045000000000002,0,12.011,0.339967,0.359824
509,C,CZ,-0.010944110576923,0.110244591346154,-0.045000000000002,0,12.011,0.339967,0.359824
663,C,CZ,-1.29894411057692,-1.12375540865385,-0.045000000000002,0,12.011,0.339967,0.359824
696,C,CZ,-1.15794411057692,-1.36975540865385,-0.045000000000002,0,12.011,0.339967,0.359824
752,C,CZ,0.624055889423077,1.46724459134615,-0.045000000000002,0,12.011,0.339967,0.359824
814,C,CZ,0.198055889423077,0.971244591346154,-0.045000000000002,0,12.011,0.339967,0.359824
444,C,CZ,-0.297944110576923,0.598244591346154,-0.044000000000001,0,12.011,0.339967,0.359824
466,C,CZ,0.987055889423077,0.355244591346154,-0.044000000000001,0,12.011,0.339967,0.359824
528,C,CZ,0.632055889423077,-0.017755408653846,-0.044000000000001,0,12.011,0.339967,0.359824
426,C,CZ,-0.652944110576923,0.728244591346154,-0.043000000000001,0,12.011,0.339967,0.359824
431,C,CZ,0.343055889423077,0.727244591346154,-0.043000000000001,0,12.011,0.339967,0.359824
440,C,CZ,-1.15494411057692,0.599244591346154,-0.043000000000001,0,12.011,0.339967,0.359824
465,C,CZ,0.845055889423077,0.356244591346154,-0.043000000000001,0,12.011,0.339967,0.359824
476,C,CZ,-0.297944110576923,0.356244591346154,-0.043000000000001,0,12.011,0.339967,0.359824
778,C,CZ,-0.658944110576923,1.22024459134615,-0.043000000000001,0,12.011,0.339967,0.359824
781,C,CZ,-0.083944110576923,1.22124459134615,-0.043000000000001,0,12.011,0.339967,0.359824
800,C,CZ,0.556055889423077,1.09724459134615,-0.043000000000001,0,12.011,0.339967,0.359824
801,C,CZ,0.769055889423077,0.975244591346154,-0.043000000000001,0,12.011,0.339967,0.359824
806,C,CZ,-1.51394411057692,0.976244591346154,-0.043000000000001,0,12.011,0.339967,0.359824
827,C,CZ,-0.439944110576923,0.849244591346154,-0.043000000000001,0,12.011,0.339967,0.359824
447,C,CZ,0.415055889423077,0.604244591346154,-0.042000000000002,0,12.011,0.339967,0.359824
726,C,CZ,-1.58694411057692,1.59024459134615,-0.042000000000002,0,12.011,0.339967,0.359824
732,C,CZ,-0.299944110576923,1.59324459134615,-0.042000000000002,0,12.011,0.339967,0.359824
807,C,CZ,-1.37094411057692,0.975244591346154,-0.042000000000002,0,12.011,0.339967,0.359824
809,C,CZ,-0.938944110576923,0.975244591346154,-0.042000000000002,0,12.011,0.339967,0.359824
818,C,CZ,0.983055889423077,0.853244591346154,-0.042000000000002,0,12.011,0.339967,0.359824
573,C,CZ,-0.011944110576923,-0.389755408653846,-0.041,0,12.011,0.339967,0.359824
709,C,CZ,1.62405588942308,-1.49575540865385,-0.041,0,12.011,0.339967,0.359824
715,C,CZ,-0.514944110576923,-1.49675540865385,-0.041,0,12.011,0.339967,0.359824
746,C,CZ,-0.657944110576923,1.46324459134615,-0.041,0,12.011,0.339967,0.359824
832,C,CZ,0.555055889423077,0.853244591346154,-0.041,0,12.011,0.339967,0.359824
417,C,CZ,0.774055889423077,0.727244591346154,-0.040000000000001,0,12.011,0.339967,0.359824
435,C,CZ,1.26805588942308,0.600244591346154,-0.040000000000001,0,12.011,0.339967,0.359824
443,C,CZ,-0.443944110576923,0.595244591346154,-0.040000000000001,0,12.011,0.339967,0.359824
679,C,CZ,-1.36994411057692,-1.24875540865385,-0.040000000000001,0,12.011,0.339967,0.359824
711,C,CZ,-1.37294411057692,-1.49875540865385,-0.040000000000001,0,12.011,0.339967,0.359824
791,C,CZ,-1.30394411057692,1.10124459134615,-0.040000000000001,0,12.011,0.339967,0.359824
822,C,CZ,-1.58194411057692,0.848244591346154,-0.040000000000001,0,12.011,0.339967,0.359824
493,C,CZ,-0.085944110576923,0.231244591346154,-0.039000000000002,0,12.011,0.339967,0.359824
497,C,CZ,0.843055889423077,0.110244591346154,-0.039000000000002,0,12.011,0.339967,0.359824
513,C,CZ,0.772055889423077,-0.011755408653846,-0.039000000000002,0,12.011,0.339967,0.359824
743,C,CZ,-1.37294411057692,1.46424459134615,-0.039000000000002,0,12.011,0.339967,0.359824
751,C,CZ,0.340055889423077,1.46824459134615,-0.039000000000002,0,12.011,0.339967,0.359824
783,C,CZ,0.344055889423077,1.21924459134615,-0.039000000000002,0,12.011,0.339967,0.359824
816,C,CZ,0.628055889423077,0.973244591346154,-0.039000000000002,0,12.011,0.339967,0.359824
817,C,CZ,0.843055889423077,0.853244591346154,-0.039000000000002,0,12.011,0.339967,0.359824
421,C,CZ,1.63205588942308,0.721244591346154,-0.038,0,12.011,0.339967,0.359824
423,C,CZ,-1.36994411057692,0.726244591346154,-0.038,0,12.011,0.339967,0.359824
451,C,CZ,1.20005588942308,0.476244591346154,-0.038,0,12.011,0.339967,0.359824
664,C,CZ,-1.15694411057692,-1.12075540865385,-0.038,0,12.011,0.339967,0.359824
695,C,CZ,-1.30194411057692,-1.37275540865385,-0.038,0,12.011,0.339967,0.359824
724,C,CZ,1.40405588942308,1.59524459134615,-0.038,0,12.011,0.339967,0.359824
749,C,CZ,-0.086944110576923,1.46724459134615,-0.038,0,12.011,0.339967,0.359824
799,C,CZ,0.412055889423078,1.09524459134615,-0.038,0,12.011,0.339967,0.359824
815,C,CZ,0.341055889423077,0.970244591346154,-0.038,0,12.011,0.339967,0.359824
427,C,CZ,-0.509944110576923,0.723244591346154,-0.037000000000001,0,12.011,0.339967,0.359824
442,C,CZ,-0.726944110576923,0.605244591346154,-0.037000000000001,0,12.011,0.339967,0.359824
483,C,CZ,1.19605588942308,0.228244591346154,-0.037000000000001,0,12.011,0.339967,0.359824
543,C,CZ,0.414055889423077,-0.143755408653846,-0.037000000000001,0,12.011,0.339967,0.359824
699,C,CZ,-0.442944110576923,-1.37375540865385,-0.037000000000001,0,12.011,0.339967,0.359824
723,C,CZ,1.26305588942308,1.59224459134615,-0.037000000000001,0,12.011,0.339967,0.359824
730,C,CZ,-0.733944110576923,1.58624459134615,-0.037000000000001,0,12.011,0.339967,0.359824
750,C,CZ,0.196055889423077,1.46424459134615,-0.037000000000001,0,12.011,0.339967,0.359824
766,C,CZ,0.129055889423077,1.34124459134615,-0.037000000000001,0,12.011,0.339967,0.359824
831,C,CZ,0.409055889423077,0.850244591346154,-0.037000000000001,0,12.011,0.339967,0.359824
418,C,CZ,1.05205588942308,0.724244591346154,-0.036000000000001,0,12.011,0.339967,0.359824
419,C,CZ,1.19205588942308,0.722244591346154,-0.036000000000001,0,12.011,0.339967,0.359824
482,C,CZ,1.05805588942308,0.229244591346154,-0.036000000000001,0,12.011,0.339967,0.359824
544,C,CZ,0.558055889423077,-0.142755408653846,-0.036000000000001,0,12.011,0.339967,0.359824
574,C,CZ,0.127055889423077,-0.393755408653846,-0.036000000000001,0,12.011,0.339967,0.359824
765,C,CZ,-0.015944110576923,1.34424459134615,-0.036000000000001,0,12.011,0.339967,0.359824
825,C,CZ,-0.871944110576923,0.852244591346154,-0.036000000000001,0,12.011,0.339967,0.359824
492,C,CZ,-0.229944110576923,0.229244591346154,-0.035,0,12.011,0.339967,0.359824
498,C,CZ,0.987055889423077,0.107244591346154,-0.035,0,12.011,0.339967,0.359824
700,C,CZ,-0.297944110576923,-1.36975540865385,-0.035,0,12.011,0.339967,0.359824
716,C,CZ,-0.226944110576923,-1.49775540865385,-0.035,0,12.011,0.339967,0.359824
734,C,CZ,0.126055889423077,1.58924459134615,-0.035,0,12.011,0.339967,0.359824
762,C,CZ,-0.733944110576923,1.34424459134615,-0.035,0,12.011,0.339967,0.359824
808,C,CZ,-1.08294411057692,0.982244591346154,-0.035,0,12.011,0.339967,0.359824
422,C,CZ,-1.51394411057692,0.724244591346154,-0.034000000000001,0,12.011,0.339967,0.359824
439,C,CZ,-1.29594411057692,0.599244591346154,-0.034000000000001,0,12.011,0.339967,0.359824
475,C,CZ,-0.440944110576923,0.352244591346154,-0.034000000000001,0,12.011,0.339967,0.359824
530,C,CZ,0.984055889423077,-0.142755408653846,-0.034000000000001,0,12.011,0.339967,0.359824
647,C,CZ,-1.37194411057692,-1.00075540865385,-0.034000000000001,0,12.011,0.339967,0.359824
722,C,CZ,0.981055889423077,1.59024459134615,-0.034000000000001,0,12.011,0.339967,0.359824
736,C,CZ,0.556055889423077,1.59024459134615,-0.034000000000001,0,12.011,0.339967,0.359824
436,C,CZ,1.41305588942308,0.604244591346154,-0.033000000000001,0,12.011,0.339967,0.359824
525,C,CZ,-0.086944110576923,-0.014755408653846,-0.033000000000001,0,12.011,0.339967,0.359824
559,C,CZ,0.344055889423077,-0.264755408653846,-0.033000000000001,0,12.011,0.339967,0.359824
678,C,CZ,-1.51394411057692,-1.25175540865385,-0.033000000000001,0,12.011,0.339967,0.359824
680,C,CZ,-1.08294411057692,-1.24375540865385,-0.033000000000001,0,12.011,0.339967,0.359824
708,C,CZ,1.47805588942308,-1.49775540865385,-0.033000000000001,0,12.011,0.339967,0.359824
437,C,CZ,1.70105588942308,0.602244591346154,-0.032,0,12.011,0.339967,0.359824
438,C,CZ,-1.58294411057692,0.597244591346154,-0.032,0,12.011,0.339967,0.359824
448,C,CZ,0.558055889423077,0.606244591346154,-0.032,0,12.011,0.339967,0.359824
455,C,CZ,-1.36994411057692,0.478244591346154,-0.032,0,12.011,0.339967,0.359824
473,C,CZ,-0.869944110576923,0.358244591346154,-0.032,0,12.011,0.339967,0.359824
529,C,CZ,0.844055889423077,-0.138755408653846,-0.032,0,12.011,0.339967,0.359824
556,C,CZ,-0.227944110576923,-0.260755408653846,-0.032,0,12.011,0.339967,0.359824
660,C,CZ,1.41005588942308,-1.12675540865385,-0.032,0,12.011,0.339967,0.359824
661,C,CZ,1.69705588942308,-1.12775540865385,-0.032,0,12.011,0.339967,0.359824
727,C,CZ,-1.30394411057692,1.59224459134615,-0.032,0,12.011,0.339967,0.359824
733,C,CZ,-0.013944110576923,1.59124459134615,-0.032,0,12.011,0.339967,0.359824
792,C,CZ,-1.15694411057692,1.10024459134615,-0.032,0,12.011,0.339967,0.359824
676,C,CZ,1.48205588942308,-1.24975540865385,-0.031000000000001,0,12.011,0.339967,0.359824
718,C,CZ,0.193055889423077,-1.49775540865385,-0.031000000000001,0,12.011,0.339967,0.359824
721,C,CZ,0.837055889423077,1.59424459134615,-0.031000000000001,0,12.011,0.339967,0.359824
793,C,CZ,-0.868944110576923,1.09924459134615,-0.031000000000001,0,12.011,0.339967,0.359824
453,C,CZ,1.62705588942308,0.479244591346154,-0.030000000000001,0,12.011,0.339967,0.359824
456,C,CZ,-1.08594411057692,0.478244591346154,-0.030000000000001,0,12.011,0.339967,0.359824
457,C,CZ,-0.945944110576923,0.479244591346154,-0.030000000000001,0,12.011,0.339967,0.359824
467,C,CZ,1.26805588942308,0.353244591346154,-0.030000000000001,0,12.011,0.339967,0.359824
499,C,CZ,1.26905588942308,0.106244591346154,-0.030000000000001,0,12.011,0.339967,0.359824
503,C,CZ,-1.29994411057692,0.107244591346154,-0.030000000000001,0,12.011,0.339967,0.359824
533,C,CZ,1.70005588942308,-0.136755408653846,-0.030000000000001,0,12.011,0.339967,0.359824
662,C,CZ,-1.58394411057692,-1.12575540865385,-0.030000000000001,0,12.011,0.339967,0.359824
717,C,CZ,-0.082944110576923,-1.49975540865385,-0.030000000000001,0,12.011,0.339967,0.359824
458,C,CZ,-0.656944110576923,0.479244591346154,-0.029000000000002,0,12.011,0.339967,0.359824
487,C,CZ,-1.37094411057692,0.229244591346154,-0.029000000000002,0,12.011,0.339967,0.359824
644,C,CZ,1.48505588942308,-1.00575540865385,-0.029000000000002,0,12.011,0.339967,0.359824
648,C,CZ,-1.08594411057692,-0.998755408653846,-0.029000000000002,0,12.011,0.339967,0.359824
691,C,CZ,1.26605588942308,-1.37375540865385,-0.029000000000002,0,12.011,0.339967,0.359824
694,C,CZ,-1.58694411057692,-1.37575540865385,-0.029000000000002,0,12.011,0.339967,0.359824
707,C,CZ,1.19305588942308,-1.49875540865385,-0.029000000000002,0,12.011,0.339967,0.359824
714,C,CZ,-0.662944110576923,-1.50175540865385,-0.029000000000002,0,12.011,0.339967,0.359824
759,C,CZ,-1.30194411057692,1.34724459134615,-0.029000000000002,0,12.011,0.339967,0.359824
452,C,CZ,1.48405588942308,0.484244591346154,-0.028000000000001,0,12.011,0.339967,0.359824
472,C,CZ,-1.15394411057692,0.354244591346154,-0.028000000000001,0,12.011,0.339967,0.359824
474,C,CZ,-0.727944110576923,0.354244591346154,-0.028000000000001,0,12.011,0.339967,0.359824
516,C,CZ,1.48305588942308,-0.021755408653846,-0.028000000000001,0,12.011,0.339967,0.359824
548,C,CZ,1.48205588942308,-0.269755408653846,-0.028000000000001,0,12.011,0.339967,0.359824
575,C,CZ,0.412055889423078,-0.387755408653846,-0.028000000000001,0,12.011,0.339967,0.359824
577,C,CZ,0.772055889423077,-0.509755408653846,-0.028000000000001,0,12.011,0.339967,0.359824
683,C,CZ,-0.513944110576923,-1.25075540865385,-0.028000000000001,0,12.011,0.339967,0.359824
692,C,CZ,1.40705588942308,-1.37175540865385,-0.028000000000001,0,12.011,0.339967,0.359824
710,C,CZ,-1.51794411057692,-1.49975540865385,-0.028000000000001,0,12.011,0.339967,0.359824
735,C,CZ,0.408055889423077,1.58924459134615,-0.028000000000001,0,12.011,0.339967,0.359824
432,C,CZ,0.628055889423077,0.733244591346154,-0.027000000000001,0,12.011,0.339967,0.359824
459,C,CZ,-0.513944110576923,0.475244591346154,-0.027000000000001,0,12.011,0.339967,0.359824
505,C,CZ,-0.867944110576923,0.104244591346154,-0.027000000000001,0,12.011,0.339967,0.359824
589,C,CZ,-0.080944110576923,-0.513755408653846,-0.027000000000001,0,12.011,0.339967,0.359824
596,C,CZ,1.40805588942308,-0.639755408653846,-0.027000000000001,0,12.011,0.339967,0.359824
645,C,CZ,1.62605588942308,-1.00375540865385,-0.027000000000001,0,12.011,0.339967,0.359824
684,C,CZ,-0.225944110576923,-1.24675540865385,-0.027000000000001,0,12.011,0.339967,0.359824
701,C,CZ,-0.009944110576923,-1.37775540865385,-0.027000000000001,0,12.011,0.339967,0.359824
712,C,CZ,-1.08794411057692,-1.49675540865385,-0.027000000000001,0,12.011,0.339967,0.359824
729,C,CZ,-0.871944110576923,1.58824459134615,-0.027000000000001,0,12.011,0.339967,0.359824
744,C,CZ,-1.08794411057692,1.47324459134615,-0.027000000000001,0,12.011,0.339967,0.359824
760,C,CZ,-1.16094411057692,1.35224459134615,-0.027000000000001,0,12.011,0.339967,0.359824
454,C,CZ,-1.51294411057692,0.475244591346154,-0.026000000000002,0,12.011,0.339967,0.359824
488,C,CZ,-1.08294411057692,0.229244591346154,-0.026000000000002,0,12.011,0.339967,0.359824
507,C,CZ,-0.441944110576923,0.101244591346154,-0.026000000000002,0,12.011,0.339967,0.359824
514,C,CZ,1.05805588942308,-0.017755408653846,-0.026000000000002,0,12.011,0.339967,0.359824
517,C,CZ,1.62405588942308,-0.015755408653846,-0.026000000000002,0,12.011,0.339967,0.359824
532,C,CZ,1.40505588942308,-0.147755408653846,-0.026000000000002,0,12.011,0.339967,0.359824
539,C,CZ,-0.440944110576923,-0.145755408653846,-0.026000000000002,0,12.011,0.339967,0.359824
549,C,CZ,1.62405588942308,-0.262755408653846,-0.026000000000002,0,12.011,0.339967,0.359824
576,C,CZ,0.553055889423077,-0.390755408653846,-0.026000000000002,0,12.011,0.339967,0.359824
698,C,CZ,-0.729944110576923,-1.37975540865385,-0.026000000000002,0,12.011,0.339967,0.359824
776,C,CZ,-1.08594411057692,1.22524459134615,-0.026000000000002,0,12.011,0.339967,0.359824
470,C,CZ,-1.58394411057692,0.355244591346154,-0.025,0,12.011,0.339967,0.359824
485,C,CZ,1.62705588942308,0.229244591346154,-0.025,0,12.011,0.339967,0.359824
501,C,CZ,1.69905588942308,0.107244591346154,-0.025,0,12.011,0.339967,0.359824
504,C,CZ,-1.15794411057692,0.107244591346154,-0.025,0,12.011,0.339967,0.359824
560,C,CZ,0.629055889423077,-0.268755408653846,-0.025,0,12.011,0.339967,0.359824
564,C,CZ,1.40905588942308,-0.392755408653846,-0.025,0,12.011,0.339967,0.359824
592,C,CZ,0.627055889423077,-0.509755408653846,-0.025,0,12.011,0.339967,0.359824
595,C,CZ,1.26805588942308,-0.638755408653846,-0.025,0,12.011,0.339967,0.359824
612,C,CZ,1.48605588942308,-0.759755408653846,-0.025,0,12.011,0.339967,0.359824
646,C,CZ,-1.51194411057692,-1.00375540865385,-0.025,0,12.011,0.339967,0.359824
681,C,CZ,-0.941944110576923,-1.24775540865385,-0.025,0,12.011,0.339967,0.359824
706,C,CZ,1.05205588942308,-1.50175540865385,-0.025,0,12.011,0.339967,0.359824
469,C,CZ,1.69805588942308,0.355244591346154,-0.024000000000001,0,12.011,0.339967,0.359824
490,C,CZ,-0.655944110576923,0.226244591346154,-0.024000000000001,0,12.011,0.339967,0.359824
547,C,CZ,1.19905588942308,-0.264755408653846,-0.024000000000001,0,12.011,0.339967,0.359824
555,C,CZ,-0.514944110576923,-0.265755408653846,-0.024000000000001,0,12.011,0.339967,0.359824
649,C,CZ,-0.939944110576923,-1.00075540865385,-0.024000000000001,0,12.011,0.339967,0.359824
693,C,CZ,1.69905588942308,-1.37075540865385,-0.024000000000001,0,12.011,0.339967,0.359824
697,C,CZ,-0.870944110576923,-1.37375540865385,-0.024000000000001,0,12.011,0.339967,0.359824
728,C,CZ,-1.15994411057692,1.59424459134615,-0.024000000000001,0,12.011,0.339967,0.359824
471,C,CZ,-1.29894411057692,0.350244591346154,-0.023000000000002,0,12.011,0.339967,0.359824
491,C,CZ,-0.511944110576923,0.227244591346154,-0.023000000000002,0,12.011,0.339967,0.359824
546,C,CZ,1.05705588942308,-0.264755408653846,-0.023000000000002,0,12.011,0.339967,0.359824
563,C,CZ,1.26905588942308,-0.393755408653846,-0.023000000000002,0,12.011,0.339967,0.359824
579,C,CZ,1.20005588942308,-0.514755408653846,-0.023000000000002,0,12.011,0.339967,0.359824
605,C,CZ,-0.013944110576923,-0.636755408653846,-0.023000000000002,0,12.011,0.339967,0.359824
611,C,CZ,1.19805588942308,-0.756755408653846,-0.023000000000002,0,12.011,0.339967,0.359824
638,C,CZ,0.131055889423077,-0.881755408653846,-0.023000000000002,0,12.011,0.339967,0.359824
677,C,CZ,1.62505588942308,-1.24875540865385,-0.023000000000002,0,12.011,0.339967,0.359824
682,C,CZ,-0.656944110576923,-1.25375540865385,-0.023000000000002,0,12.011,0.339967,0.359824
686,C,CZ,0.198055889423077,-1.25275540865385,-0.023000000000002,0,12.011,0.339967,0.359824
468,C,CZ,1.41305588942308,0.354244591346154,-0.022,0,12.011,0.339967,0.359824
500,C,CZ,1.41605588942308,0.105244591346154,-0.022,0,12.011,0.339967,0.359824
508,C,CZ,-0.301944110576923,0.101244591346154,-0.022,0,12.011,0.339967,0.359824
520,C,CZ,-1.08694411057692,-0.018755408653846,-0.022,0,12.011,0.339967,0.359824
540,C,CZ,-0.299944110576923,-0.140755408653846,-0.022,0,12.011,0.339967,0.359824
586,C,CZ,-0.654944110576923,-0.509755408653846,-0.022,0,12.011,0.339967,0.359824
600,C,CZ,-1.15894411057692,-0.631755408653846,-0.022,0,12.011,0.339967,0.359824
624,C,CZ,0.625055889423077,-0.759755408653846,-0.022,0,12.011,0.339967,0.359824
628,C,CZ,1.41105588942308,-0.882755408653846,-0.022,0,12.011,0.339967,0.359824
629,C,CZ,1.69905588942308,-0.879755408653846,-0.022,0,12.011,0.339967,0.359824
655,C,CZ,0.343055889423077,-1.00575540865385,-0.022,0,12.011,0.339967,0.359824
665,C,CZ,-0.869944110576923,-1.12775540865385,-0.022,0,12.011,0.339967,0.359824
685,C,CZ,-0.081944110576923,-1.25175540865385,-0.022,0,12.011,0.339967,0.359824
484,C,CZ,1.48405588942308,0.226244591346154,-0.021000000000001,0,12.011,0.339967,0.359824
515,C,CZ,1.20305588942308,-0.014755408653846,-0.021000000000001,0,12.011,0.339967,0.359824
523,C,CZ,-0.510944110576923,-0.021755408653846,-0.021000000000001,0,12.011,0.339967,0.359824
534,C,CZ,-1.58394411057692,-0.136755408653846,-0.021000000000001,0,12.011,0.339967,0.359824
572,C,CZ,-0.296944110576923,-0.389755408653846,-0.021000000000001,0,12.011,0.339967,0.359824
591,C,CZ,0.342055889423077,-0.513755408653846,-0.021000000000001,0,12.011,0.339967,0.359824
599,C,CZ,-1.30594411057692,-0.631755408653846,-0.021000000000001,0,12.011,0.339967,0.359824
616,C,CZ,-1.08694411057692,-0.749755408653846,-0.021000000000001,0,12.011,0.339967,0.359824
622,C,CZ,0.202055889423077,-0.756755408653846,-0.021000000000001,0,12.011,0.339967,0.359824
631,C,CZ,-1.29994411057692,-0.876755408653846,-0.021000000000001,0,12.011,0.339967,0.359824
632,C,CZ,-1.15594411057692,-0.873755408653846,-0.021000000000001,0,12.011,0.339967,0.359824
650,C,CZ,-0.656944110576923,-1.00175540865385,-0.021000000000001,0,12.011,0.339967,0.359824
651,C,CZ,-0.516944110576923,-1.00475540865385,-0.021000000000001,0,12.011,0.339967,0.359824
654,C,CZ,0.202055889423077,-1.00875540865385,-0.021000000000001,0,12.011,0.339967,0.359824
669,C,CZ,-0.013944110576923,-1.12775540865385,-0.021000000000001,0,12.011,0.339967,0.359824
689,C,CZ,0.836055889423077,-1.37775540865385,-0.021000000000001,0,12.011,0.339967,0.359824
702,C,CZ,0.127055889423077,-1.37675540865385,-0.021000000000001,0,12.011,0.339967,0.359824
745,C,CZ,-0.942944110576923,1.46824459134615,-0.021000000000001,0,12.011,0.339967,0.359824
486,C,CZ,-1.51294411057692,0.232244591346154,-0.020000000000001,0,12.011,0.339967,0.359824
489,C,CZ,-0.936944110576923,0.233244591346154,-0.020000000000001,0,12.011,0.339967,0.359824
521,C,CZ,-0.941944110576923,-0.017755408653846,-0.020000000000001,0,12.011,0.339967,0.359824
608,C,CZ,0.553055889423077,-0.633755408653846,-0.020000000000001,0,12.011,0.339967,0.359824
610,C,CZ,1.05605588942308,-0.756755408653846,-0.020000000000001,0,12.011,0.339967,0.359824
627,C,CZ,1.26705588942308,-0.883755408653846,-0.020000000000001,0,12.011,0.339967,0.359824
667,C,CZ,-0.441944110576923,-1.12975540865385,-0.020000000000001,0,12.011,0.339967,0.359824
675,C,CZ,1.19605588942308,-1.25075540865385,-0.020000000000001,0,12.011,0.339967,0.359824
690,C,CZ,0.978055889423077,-1.37475540865385,-0.020000000000001,0,12.011,0.339967,0.359824
705,C,CZ,0.764055889423077,-1.49575540865385,-0.020000000000001,0,12.011,0.339967,0.359824
761,C,CZ,-0.875944110576923,1.34524459134615,-0.020000000000001,0,12.011,0.339967,0.359824
502,C,CZ,-1.58494411057692,0.107244591346154,-0.019,0,12.011,0.339967,0.359824
519,C,CZ,-1.36994411057692,-0.015755408653846,-0.019,0,12.011,0.339967,0.359824
535,C,CZ,-1.29894411057692,-0.135755408653846,-0.019,0,12.011,0.339967,0.359824
571,C,CZ,-0.444944110576923,-0.388755408653846,-0.019,0,12.011,0.339967,0.359824
601,C,CZ,-0.870944110576923,-0.634755408653846,-0.019,0,12.011,0.339967,0.359824
602,C,CZ,-0.728944110576923,-0.635755408653846,-0.019,0,12.011,0.339967,0.359824
607,C,CZ,0.412055889423078,-0.638755408653846,-0.019,0,12.011,0.339967,0.359824
659,C,CZ,1.26905588942308,-1.12375540865385,-0.019,0,12.011,0.339967,0.359824
719,C,CZ,0.339055889423077,-1.49775540865385,-0.019,0,12.011,0.339967,0.359824
720,C,CZ,0.622055889423077,-1.49875540865385,-0.019,0,12.011,0.339967,0.359824
518,C,CZ,-1.51394411057692,-0.017755408653846,-0.018000000000001,0,12.011,0.339967,0.359824
562,C,CZ,0.991055889423077,-0.393755408653846,-0.018000000000001,0,12.011,0.339967,0.359824
590,C,CZ,0.202055889423077,-0.509755408653846,-0.018000000000001,0,12.011,0.339967,0.359824
641,C,CZ,0.766055889423077,-1.00875540865385,-0.018000000000001,0,12.011,0.339967,0.359824
666,C,CZ,-0.727944110576923,-1.12575540865385,-0.018000000000001,0,12.011,0.339967,0.359824
670,C,CZ,0.129055889423077,-1.13475540865385,-0.018000000000001,0,12.011,0.339967,0.359824
713,C,CZ,-0.944944110576923,-1.49975540865385,-0.018000000000001,0,12.011,0.339967,0.359824
777,C,CZ,-0.942944110576923,1.22424459134615,-0.018000000000001,0,12.011,0.339967,0.359824
522,C,CZ,-0.654944110576923,-0.020755408653846,-0.017000000000001,0,12.011,0.339967,0.359824
524,C,CZ,-0.226944110576923,-0.016755408653846,-0.017000000000001,0,12.011,0.339967,0.359824
545,C,CZ,0.776055889423077,-0.267755408653846,-0.017000000000001,0,12.011,0.339967,0.359824
606,C,CZ,0.128055889423077,-0.632755408653846,-0.017000000000001,0,12.011,0.339967,0.359824
615,C,CZ,-1.37594411057692,-0.753755408653846,-0.017000000000001,0,12.011,0.339967,0.359824
621,C,CZ,-0.082944110576923,-0.759755408653846,-0.017000000000001,0,12.011,0.339967,0.359824
658,C,CZ,0.980055889423077,-1.12875540865385,-0.017000000000001,0,12.011,0.339967,0.359824
703,C,CZ,0.407055889423077,-1.37575540865385,-0.017000000000001,0,12.011,0.339967,0.359824
506,C,CZ,-0.723944110576923,0.102244591346154,-0.016,0,12.011,0.339967,0.359824
536,C,CZ,-1.15494411057692,-0.142755408653846,-0.016,0,12.011,0.339967,0.359824
561,C,CZ,0.845055889423077,-0.388755408653846,-0.016,0,12.011,0.339967,0.359824
565,C,CZ,1.69405588942308,-0.384755408653846,-0.016,0,12.011,0.339967,0.359824
578,C,CZ,1.05905588942308,-0.511755408653846,-0.016,0,12.011,0.339967,0.359824
588,C,CZ,-0.224944110576923,-0.513755408653846,-0.016,0,12.011,0.339967,0.359824
614,C,CZ,-1.51394411057692,-0.752755408653846,-0.016,0,12.011,0.339967,0.359824
570,C,CZ,-0.728944110576923,-0.386755408653846,-0.015000000000001,0,12.011,0.339967,0.359824
580,C,CZ,1.47905588942308,-0.516755408653846,-0.015000000000001,0,12.011,0.339967,0.359824
613,C,CZ,1.62805588942308,-0.755755408653846,-0.015000000000001,0,12.011,0.339967,0.359824
668,C,CZ,-0.297944110576923,-1.12375540865385,-0.015000000000001,0,12.011,0.339967,0.359824
598,C,CZ,-1.58494411057692,-0.625755408653846,-0.014000000000001,0,12.011,0.339967,0.359824
609,C,CZ,0.767055889423077,-0.760755408653846,-0.014000000000001,0,12.011,0.339967,0.359824
617,C,CZ,-0.947944110576923,-0.755755408653846,-0.014000000000001,0,12.011,0.339967,0.359824
626,C,CZ,0.983055889423077,-0.879755408653846,-0.014000000000001,0,12.011,0.339967,0.359824
630,C,CZ,-1.58294411057692,-0.880755408653846,-0.014000000000001,0,12.011,0.339967,0.359824
637,C,CZ,-0.012944110576923,-0.878755408653846,-0.014000000000001,0,12.011,0.339967,0.359824
674,C,CZ,1.05005588942308,-1.25175540865385,-0.014000000000001,0,12.011,0.339967,0.359824
704,C,CZ,0.551055889423077,-1.37675540865385,-0.014000000000001,0,12.011,0.339967,0.359824
566,C,CZ,-1.58594411057692,-0.382755408653846,-0.013000000000002,0,12.011,0.339967,0.359824
584,C,CZ,-1.08494411057692,-0.512755408653846,-0.013000000000002,0,12.011,0.339967,0.359824
639,C,CZ,0.413055889423077,-0.884755408653846,-0.013000000000002,0,12.011,0.339967,0.359824
643,C,CZ,1.19605588942308,-1.00775540865385,-0.013000000000002,0,12.011,0.339967,0.359824
656,C,CZ,0.623055889423077,-1.00875540865385,-0.013000000000002,0,12.011,0.339967,0.359824
593,C,CZ,0.843055889423077,-0.635755408653846,-0.012000000000001,0,12.011,0.339967,0.359824
604,C,CZ,-0.298944110576923,-0.635755408653846,-0.012000000000001,0,12.011,0.339967,0.359824
618,C,CZ,-0.655944110576923,-0.758755408653846,-0.012000000000001,0,12.011,0.339967,0.359824
625,C,CZ,0.837055889423077,-0.882755408653846,-0.012000000000001,0,12.011,0.339967,0.359824
634,C,CZ,-0.728944110576923,-0.879755408653846,-0.012000000000001,0,12.011,0.339967,0.359824
640,C,CZ,0.554055889423077,-0.886755408653846,-0.012000000000001,0,12.011,0.339967,0.359824
642,C,CZ,1.05505588942308,-1.00375540865385,-0.012000000000001,0,12.011,0.339967,0.359824
657,C,CZ,0.838055889423077,-1.12975540865385,-0.012000000000001,0,12.011,0.339967,0.359824
687,C,CZ,0.340055889423077,-1.25175540865385,-0.012000000000001,0,12.011,0.339967,0.359824
531,C,CZ,1.26505588942308,-0.139755408653846,-0.011000000000001,0,12.011,0.339967,0.359824
538,C,CZ,-0.731944110576923,-0.141755408653846,-0.011000000000001,0,12.011,0.339967,0.359824
587,C,CZ,-0.515944110576923,-0.509755408653846,-0.011000000000001,0,12.011,0.339967,0.359824
597,C,CZ,1.69505588942308,-0.629755408653846,-0.011000000000001,0,12.011,0.339967,0.359824
623,C,CZ,0.343055889423077,-0.759755408653846,-0.011000000000001,0,12.011,0.339967,0.359824
633,C,CZ,-0.872944110576923,-0.878755408653846,-0.011000000000001,0,12.011,0.339967,0.359824
567,C,CZ,-1.29994411057692,-0.382755408653846,-0.010000000000002,0,12.011,0.339967,0.359824
583,C,CZ,-1.37494411057692,-0.506755408653846,-0.010000000000002,0,12.011,0.339967,0.359824
635,C,CZ,-0.441944110576923,-0.881755408653846,-0.010000000000002,0,12.011,0.339967,0.359824
671,C,CZ,0.409055889423077,-1.13075540865385,-0.010000000000002,0,12.011,0.339967,0.359824
537,C,CZ,-0.869944110576923,-0.143755408653846,-0.009,0,12.011,0.339967,0.359824
673,C,CZ,0.766055889423077,-1.25375540865385,-0.009,0,12.011,0.339967,0.359824
551,C,CZ,-1.37294411057692,-0.257755408653846,-0.008000000000001,0,12.011,0.339967,0.359824
582,C,CZ,-1.51594411057692,-0.505755408653846,-0.008000000000001,0,12.011,0.339967,0.359824
594,C,CZ,0.986055889423077,-0.634755408653846,-0.008000000000001,0,12.011,0.339967,0.359824
619,C,CZ,-0.511944110576923,-0.754755408653846,-0.008000000000001,0,12.011,0.339967,0.359824
672,C,CZ,0.549055889423077,-1.13075540865385,-0.008000000000001,0,12.011,0.339967,0.359824
569,C,CZ,-0.870944110576923,-0.388755408653846,-0.007000000000001,0,12.011,0.339967,0.359824
581,C,CZ,1.62505588942308,-0.507755408653846,-0.007000000000001,0,12.011,0.339967,0.359824
585,C,CZ,-0.938944110576923,-0.509755408653846,-0.007000000000001,0,12.011,0.339967,0.359824
620,C,CZ,-0.223944110576923,-0.761755408653846,-0.007000000000001,0,12.011,0.339967,0.359824
550,C,CZ,-1.51394411057692,-0.257755408653846,-0.006,0,12.011,0.339967,0.359824
554,C,CZ,-0.657944110576923,-0.263755408653846,-0.006,0,12.011,0.339967,0.359824
568,C,CZ,-1.15694411057692,-0.386755408653846,-0.005000000000001,0,12.011,0.339967,0.359824
603,C,CZ,-0.436944110576923,-0.633755408653846,-0.005000000000001,0,12.011,0.339967,0.359824
653,C,CZ,-0.078944110576923,-1.00375540865385,-0.005000000000001,0,12.011,0.339967,0.359824
553,C,CZ,-0.944944110576923,-0.263755408653846,-0.004000000000001,0,12.011,0.339967,0.359824
688,C,CZ,0.622055889423077,-1.25675540865385,-0.003,0,12.011,0.339967,0.359824
552,C,CZ,-1.08794411057692,-0.265755408653846,-0.002000000000001,0,12.011,0.339967,0.359824
636,C,CZ,-0.295944110576923,-0.882755408653846,0,0,12.011,0.339967,0.359824
652,C,CZ,-0.222944110576923,-1.00575540865385,0,0,12.011,0.339967,0.359824
