"AtomID","AtomName","AtomType","x[nm]","y[nm]","z[nm]","charge[e]","mass[AMU]","sigma","epsilon"
1,"C1","CB",-0.32845558739255076,0.7105702005730663,0.28916618911174785,0.,12.011,0.339967,0.45773
2,"C2","CB",-0.6384555873925506,0.41257020057306626,0.2881661891117475,0.,12.011,0.339967,0.45773
3,"C3","CB",-0.7464555873925507,-0.004429799426933556,-0.20283381088825236,0.,12.011,0.339967,0.45773
4,"C4","CB",-0.7214555873925508,-0.21842979942693352,0.16716618911174752,0.,12.011,0.339967,0.45773
5,"C5","CB",0.31754441260744937,0.7145702005730663,-1.8008338108882522,0.,12.011,0.339967,0.45773
6,"C6","CB",0.4975444126074495,-0.5874297994269337,1.0271661891117478,0.,12.011,0.339967,0.45773
7,"C7","CB",-0.32745558739255065,0.7085702005730665,-0.20483381088825237,0.,12.011,0.339967,0.45773
8,"C8","CB",0.1115444126074494,-0.7764297994269336,0.7811661891117478,0.,12.011,0.339967,0.45773
9,"C9","CB",0.31854441260744926,0.7165702005730665,1.3951661891117477,0.,12.011,0.339967,0.45773
10,"C10","CB",0.11054441260744952,-0.7734297994269337,1.5201661891117477,0.,12.011,0.339967,0.45773
11,"C11","CB",0.10254441260744951,0.7735702005730665,-1.1878338108882522,0.,12.011,0.339967,0.45773
12,"C12","CB",0.7185444126074492,0.2185702005730663,1.764166189111748,0.,12.011,0.339967,0.45773
13,"C13","CB",0.6315444126074494,0.4195702005730664,-1.0638338108882524,0.,12.011,0.339967,0.45773
14,"C14","CB",-0.4984555873925507,-0.5884297994269336,1.3961661891117476,0.,12.011,0.339967,0.45773
15,"C15","CB",0.7255444126074493,-0.21542979942693385,0.29116618911174763,0.,12.011,0.339967,0.45773
16,"C16","CB",0.7525444126074494,0.002570200573066117,-0.32583381088825236,0.,12.011,0.339967,0.45773
17,"C17","CB",-0.10845558739255079,-0.7774297994269337,-0.07983381088825237,0.,12.011,0.339967,0.45773
18,"C18","CB",0.5045444126074492,-0.5894297994269337,-1.4328338108882523,0.,12.011,0.339967,0.45773
19,"C19","CB",-0.7334555873925508,0.2105702005730663,1.6401661891117478,0.,12.011,0.339967,0.45773
20,"C20","CA",-0.43545558739255075,0.6155702005730666,0.28916618911174785,0.,12.011,0.339967,0.359824
21,"C21","CA",-0.7214555873925508,-0.14542979942693357,0.044166189111747745,0.,12.011,0.339967,0.359824
22,"C22","CA",-0.5824555873925508,0.4615702005730662,0.16616618911174763,0.,12.011,0.339967,0.359824
23,"C23","CA",-0.7284555873925507,0.06557020057306628,-0.07983381088825237,0.,12.011,0.339967,0.359824
24,"C24","CA",0.3685444126074495,0.6615702005730664,1.7661661891117477,0.,12.011,0.339967,0.359824
25,"C25","CA",-0.2544555873925507,0.7185702005730663,0.16716618911174752,0.,12.011,0.339967,0.359824
26,"C26","CA",-0.2554555873925506,0.7185702005730663,-0.08183381088825237,0.,12.011,0.339967,0.359824
27,"C27","CA",0.3675444126074492,0.6605702005730665,1.5181661891117475,0.,12.011,0.339967,0.359824
28,"C28","CA",-0.5844555873925508,0.4625702005730665,0.41016618911174785,0.,12.011,0.339967,0.359824
29,"C29","CA",0.42954441260744947,-0.6174297994269338,0.9051661891117475,0.,12.011,0.339967,0.359824
30,"C30","CA",0.2415444126074493,-0.7164297994269337,0.7811661891117478,0.,12.011,0.339967,0.359824
31,"C31","CA",-0.7184555873925507,-0.14442979942693368,-0.20183381088825225,0.,12.011,0.339967,0.359824
32,"C32","CA",-0.6824555873925506,0.27657020057306614,0.2881661891117475,0.,12.011,0.339967,0.359824
33,"C33","CA",0.43154441260744925,-0.6194297994269338,1.1491661891117477,0.,12.011,0.339967,0.359824
34,"C34","CA",0.3665444126074493,0.6595702005730661,-1.6788338108882523,0.,12.011,0.339967,0.359824
35,"C35","CA",-0.43245558739255063,0.6125702005730664,-0.20283381088825236,0.,12.011,0.339967,0.359824
36,"C36","CA",0.03854441260744945,-0.7594297994269337,1.3971661891117475,0.,12.011,0.339967,0.359824
37,"C37","CA",-0.7184555873925507,-0.14542979942693357,0.28916618911174785,0.,12.011,0.339967,0.359824
38,"C38","CA",0.03854441260744945,-0.7634297994269337,0.9031661891117477,0.,12.011,0.339967,0.359824
39,"C39","CA",0.6485444126074493,0.3435702005730663,1.7651661891117478,0.,12.011,0.339967,0.359824
40,"C40","CA",0.17654441260744935,0.7405702005730666,-1.8008338108882522,0.,12.011,0.339967,0.359824
41,"C41","CA",0.16754441260744946,0.7335702005730664,-1.3088338108882522,0.,12.011,0.339967,0.359824
42,"C42","CA",-0.2534555873925506,0.7155702005730662,0.41116618911174774,0.,12.011,0.339967,0.359824
43,"C43","CA",0.5255444126074491,0.5145702005730661,-1.0638338108882524,0.,12.011,0.339967,0.359824
44,"C44","CA",-0.6534555873925507,-0.34442979942693364,0.16716618911174752,0.,12.011,0.339967,0.359824
45,"C45","CA",0.2405444126074494,-0.7164297994269337,1.5191661891117478,0.,12.011,0.339967,0.359824
46,"C46","CA",-0.3744555873925506,-0.6594297994269336,1.3961661891117476,0.,12.011,0.339967,0.359824
47,"C47","CA",-0.7254555873925508,0.0645702005730664,-0.32483381088825225,0.,12.011,0.339967,0.359824
48,"C48","CA",0.17754441260744924,0.7395702005730662,1.3951661891117477,0.,12.011,0.339967,0.359824
49,"C49","CA",0.7345444126074492,-0.06842979942693361,-0.20283381088825236,0.,12.011,0.339967,0.359824
50,"C50","CA",0.16854441260744935,0.7415702005730664,-1.0648338108882522,0.,12.011,0.339967,0.359824
51,"C51","CA",0.03854441260744945,-0.7544297994269336,1.6411661891117477,0.,12.011,0.339967,0.359824
52,"C52","CA",0.03854441260744945,-0.7614297994269337,0.6591661891117475,0.,12.011,0.339967,0.359824
53,"C53","CA",0.5745444126074495,-0.46742979942693363,1.0271661891117478,0.,12.011,0.339967,0.359824
54,"C54","CA",0.6835444126074495,-0.2744297994269336,0.16816618911174785,0.,12.011,0.339967,0.359824
55,"C55","CA",-0.2514555873925506,0.7095702005730664,-0.32483381088825225,0.,12.011,0.339967,0.359824
56,"C56","CA",0.6485444126074493,0.3475702005730663,-1.1858338108882522,0.,12.011,0.339967,0.359824
57,"C57","CA",0.3675444126074492,0.6605702005730665,1.2741661891117477,0.,12.011,0.339967,0.359824
58,"C58","CA",0.7165444126074494,0.14457020057306647,-1.8028338108882522,0.,12.011,0.339967,0.359824
59,"C59","CA",0.7235444126074495,-0.07242979942693362,0.29016618911174774,0.,12.011,0.339967,0.359824
60,"C60","CA",0.6495444126074492,0.3465702005730664,-0.9418338108882522,0.,12.011,0.339967,0.359824
61,"C61","CA",0.6805444126074494,-0.2754297994269337,0.4121661891117476,0.,12.011,0.339967,0.359824
62,"C62","CA",0.7075444126074495,0.14457020057306647,1.6431661891117475,0.,12.011,0.339967,0.359824
63,"C63","CA",-0.038455587392550505,0.7535702005730665,-1.1868338108882521,0.,12.011,0.339967,0.359824
64,"C64","CA",-0.5364555873925507,-0.5244297994269336,1.5181661891117475,0.,12.011,0.339967,0.359824
65,"C65","CA",0.7185444126074492,0.14057020057306646,-0.32583381088825236,0.,12.011,0.339967,0.359824
66,"C66","CA",-0.5354555873925506,-0.5254297994269337,1.2731661891117478,0.,12.011,0.339967,0.359824
67,"C67","CA",-0.17345558739255074,-0.7424297994269338,0.04216618911174774,0.,12.011,0.339967,0.359824
68,"C68","CA",0.7355444126074495,-0.06842979942693361,-0.44783381088825225,0.,12.011,0.339967,0.359824
69,"C69","CA",0.43354441260744947,-0.6154297994269338,-1.5538338108882523,0.,12.011,0.339967,0.359824
70,"C70","CA",0.5805444126074493,-0.46842979942693375,-1.4328338108882523,0.,12.011,0.339967,0.359824
71,"C71","CA",-0.7364555873925507,0.06757020057306651,1.6411661891117477,0.,12.011,0.339967,0.359824
72,"C72","CA",0.032544412607449225,-0.7604297994269336,-0.07983381088825237,0.,12.011,0.339967,0.359824
73,"C73","CA",-0.17545558739255052,-0.7464297994269338,-0.20183381088825225,0.,12.011,0.339967,0.359824
74,"C74","CA",0.43654441260744914,-0.6164297994269337,-1.3108338108882522,0.,12.011,0.339967,0.359824
75,"C75","CA",-0.6914555873925508,0.27157020057306624,1.5191661891117478,0.,12.011,0.339967,0.359824
76,"C76","CA",-0.6954555873925508,0.27257020057306613,1.7631661891117476,0.,12.011,0.339967,0.359824
77,"C77","CA",-0.4894555873925508,0.5685702005730664,0.16616618911174763,0.,12.011,0.339967,0.359824
78,"C78","CA",-0.7294555873925508,-0.004429799426933556,0.04316618911174763,0.,12.011,0.339967,0.359824
79,"C79","CA",-0.32045558739255076,0.6945702005730663,0.04316618911174763,0.,12.011,0.339967,0.359824
80,"C80","CA",0.30754441260744914,-0.6904297994269337,0.9041661891117476,0.,12.011,0.339967,0.359824
81,"C81","CA",-0.4904555873925507,0.5685702005730664,0.41116618911174774,0.,12.011,0.339967,0.359824
82,"C82","CA",0.31154441260744914,0.7025702005730663,1.6421661891117476,0.,12.011,0.339967,0.359824
83,"C83","CA",-0.7024555873925507,-0.21342979942693363,-0.07883381088825225,0.,12.011,0.339967,0.359824
84,"C84","CA",-0.43745558739255075,0.6155702005730666,0.04316618911174763,0.,12.011,0.339967,0.359824
85,"C85","CA",-0.7054555873925508,0.2075702005730662,0.16616618911174763,0.,12.011,0.339967,0.359824
86,"C86","CA",-0.4884555873925507,0.5685702005730664,-0.07983381088825237,0.,12.011,0.339967,0.359824
87,"C87","CA",-0.6194555873925507,0.40157020057306614,0.04316618911174763,0.,12.011,0.339967,0.359824
88,"C88","CA",0.4775444126074495,0.5705702005730662,1.7651661891117478,0.,12.011,0.339967,0.359824
89,"C89","CA",0.31154441260744914,-0.6944297994269337,1.1501661891117476,0.,12.011,0.339967,0.359824
90,"C90","CA",-0.7034555873925508,0.2055702005730664,-0.07983381088825237,0.,12.011,0.339967,0.359824
91,"C91","CA",-0.7244555873925507,0.06757020057306651,0.16616618911174763,0.,12.011,0.339967,0.359824
92,"C92","CA",0.10854441260744929,-0.7584297994269336,1.0271661891117478,0.,12.011,0.339967,0.359824
93,"C93","CA",-0.7294555873925508,-0.0034297994269336662,0.28916618911174785,0.,12.011,0.339967,0.359824
94,"C94","CA",0.2455444126074493,-0.7224297994269337,1.0271661891117478,0.,12.011,0.339967,0.359824
95,"C95","CA",0.4775444126074495,0.5705702005730662,1.5191661891117478,0.,12.011,0.339967,0.359824
96,"C96","CA",0.10854441260744929,-0.7594297994269337,1.2741661891117477,0.,12.011,0.339967,0.359824
97,"C97","CA",0.30754441260744914,0.6955702005730662,-1.5548338108882522,0.,12.011,0.339967,0.359824
98,"C98","CA",0.30254441260744924,0.6895702005730664,-1.3088338108882522,0.,12.011,0.339967,0.359824
99,"C99","CA",0.6145444126074495,0.40757020057306637,-1.8018338108882523,0.,12.011,0.339967,0.359824
100,"C100","CA",0.6145444126074495,0.40757020057306637,1.6421661891117476,0.,12.011,0.339967,0.359824
101,"C101","CA",-0.1034555873925509,-0.7494297994269337,1.3971661891117475,0.,12.011,0.339967,0.359824
102,"C102","CA",0.30854441260744947,-0.6924297994269337,1.3961661891117476,0.,12.011,0.339967,0.359824
103,"C103","CA",0.4785444126074494,0.5715702005730665,-1.6788338108882523,0.,12.011,0.339967,0.359824
104,"C104","CA",0.4795444126074493,0.5705702005730662,-1.1858338108882522,0.,12.011,0.339967,0.359824
105,"C105","CA",0.4835444126074493,-0.5714297994269337,0.7811661891117478,0.,12.011,0.339967,0.359824
106,"C106","CA",-0.6794555873925507,0.27357020057306647,0.04216618911174774,0.,12.011,0.339967,0.359824
107,"C107","CA",0.30654441260744925,-0.6874297994269336,0.6581661891117476,0.,12.011,0.339967,0.359824
108,"C108","CA",0.17554441260744946,0.7395702005730662,1.6421661891117476,0.,12.011,0.339967,0.359824
109,"C109","CA",0.10254441260744951,0.7535702005730665,-1.4328338108882523,0.,12.011,0.339967,0.359824
110,"C110","CA",-0.1164555873925508,0.7495702005730664,0.16616618911174763,0.,12.011,0.339967,0.359824
111,"C111","CA",0.10654441260744951,0.7495702005730664,1.7651661891117478,0.,12.011,0.339967,0.359824
112,"C112","CA",0.30054441260744946,0.6885702005730665,-1.0638338108882524,0.,12.011,0.339967,0.359824
113,"C113","CA",-0.7054555873925508,0.20857020057306652,0.41116618911174774,0.,12.011,0.339967,0.359824
114,"C114","CA",-0.1164555873925508,0.7495702005730664,-0.08083381088825226,0.,12.011,0.339967,0.359824
115,"C115","CA",-0.30845558739255075,-0.6884297994269337,1.5191661891117478,0.,12.011,0.339967,0.359824
116,"C116","CA",0.10654441260744951,0.7525702005730661,1.5181661891117475,0.,12.011,0.339967,0.359824
117,"C117","CA",0.7125444126074494,-0.21042979942693352,0.044166189111747745,0.,12.011,0.339967,0.359824
118,"C118","CA",0.7305444126074492,0.0005702005730663373,-0.07883381088825225,0.,12.011,0.339967,0.359824
119,"C119","CA",0.10454441260744929,0.7505702005730663,-1.6788338108882523,0.,12.011,0.339967,0.359824
120,"C120","CA",-0.30845558739255075,-0.6904297994269337,1.2741661891117477,0.,12.011,0.339967,0.359824
121,"C121","CA",0.4855444126074495,-0.5734297994269337,1.2731661891117478,0.,12.011,0.339967,0.359824
122,"C122","CA",-0.6194555873925507,-0.4084297994269337,0.044166189111747745,0.,12.011,0.339967,0.359824
123,"C123","CA",-0.6244555873925506,0.40357020057306636,0.5341661891117475,0.,12.011,0.339967,0.359824
124,"C124","CA",0.5245444126074492,0.5175702005730662,1.6421661891117476,0.,12.011,0.339967,0.359824
125,"C125","CA",0.24354441260744952,-0.7184297994269337,1.2731661891117478,0.,12.011,0.339967,0.359824
126,"C126","CA",-0.1034555873925509,-0.7474297994269337,1.6411661891117477,0.,12.011,0.339967,0.359824
127,"C127","CA",-0.31845558739255075,0.6925702005730665,0.5351661891117478,0.,12.011,0.339967,0.359824
128,"C128","CA",0.4765444126074492,0.5665702005730662,-0.9408338108882522,0.,12.011,0.339967,0.359824
129,"C129","CA",0.5275444126074493,0.5205702005730664,-1.8018338108882523,0.,12.011,0.339967,0.359824
130,"C130","CA",-0.7034555873925508,-0.21542979942693385,-0.32483381088825225,0.,12.011,0.339967,0.359824
131,"C131","CA",0.6145444126074495,0.40857020057306626,-1.3088338108882522,0.,12.011,0.339967,0.359824
132,"C132","CA",0.7135444126074493,-0.20942979942693363,-0.20183381088825225,0.,12.011,0.339967,0.359824
133,"C133","CA",-0.1034555873925509,-0.7544297994269336,0.9041661891117476,0.,12.011,0.339967,0.359824
134,"C134","CA",0.7245444126074494,-0.00042979942693355255,0.16716618911174752,0.,12.011,0.339967,0.359824
135,"C135","CA",-0.6984555873925506,0.20357020057306618,-0.32583381088825236,0.,12.011,0.339967,0.359824
136,"C136","CA",-0.4884555873925507,0.5675702005730665,-0.32583381088825236,0.,12.011,0.339967,0.359824
137,"C137","CA",0.6935444126074493,0.2115702005730662,-1.6788338108882523,0.,12.011,0.339967,0.359824
138,"C138","CA",0.30854441260744947,-0.6914297994269336,1.6421661891117476,0.,12.011,0.339967,0.359824
139,"C139","CA",0.1075444126074494,-0.7574297994269337,0.5351661891117478,0.,12.011,0.339967,0.359824
140,"C140","CA",0.3635444126074492,0.6525702005730665,-1.1858338108882522,0.,12.011,0.339967,0.359824
141,"C141","CA",0.6155444126074494,-0.4074297994269336,0.9051661891117475,0.,12.011,0.339967,0.359824
142,"C142","CA",-0.7004555873925506,-0.21342979942693363,0.4121661891117476,0.,12.011,0.339967,0.359824
143,"C143","CA",0.17154441260744946,0.7365702005730665,-1.5548338108882522,0.,12.011,0.339967,0.359824
144,"C144","CA",-0.5794555873925507,0.4595702005730664,-0.07983381088825237,0.,12.011,0.339967,0.359824
145,"C145","CA",0.4785444126074494,0.5715702005730665,1.2731661891117478,0.,12.011,0.339967,0.359824
146,"C146","CA",0.6145444126074495,-0.4004297994269337,0.4121661891117476,0.,12.011,0.339967,0.359824
147,"C147","CA",0.1075444126074494,-0.7534297994269337,1.7651661891117478,0.,12.011,0.339967,0.359824
148,"C148","CA",-0.1154555873925509,0.7495702005730664,0.41116618911174774,0.,12.011,0.339967,0.359824
149,"C149","CA",-0.6174555873925507,-0.4074297994269336,0.28916618911174785,0.,12.011,0.339967,0.359824
150,"C150","CA",0.7005444126074494,0.21357020057306642,1.5191661891117478,0.,12.011,0.339967,0.359824
151,"C151","CA",-0.1034555873925509,-0.7554297994269337,0.6591661891117475,0.,12.011,0.339967,0.359824
152,"C152","CA",0.6145444126074495,0.4065702005730665,-0.8178338108882524,0.,12.011,0.339967,0.359824
153,"C153","CA",-0.6504555873925506,-0.34542979942693375,-0.07883381088825225,0.,12.011,0.339967,0.359824
154,"C154","CA",0.6165444126074493,-0.3994297994269336,0.16716618911174752,0.,12.011,0.339967,0.359824
155,"C155","CA",0.6165444126074493,-0.4084297994269337,1.1501661891117476,0.,12.011,0.339967,0.359824
156,"C156","CA",-0.17345558739255074,-0.7344297994269338,1.5191661891117478,0.,12.011,0.339967,0.359824
157,"C157","CA",-0.30645558739255074,-0.6924297994269337,0.04316618911174763,0.,12.011,0.339967,0.359824
158,"C158","CA",0.0995444126074494,0.7555702005730662,-0.9418338108882522,0.,12.011,0.339967,0.359824
159,"C159","CA",0.6995444126074495,0.21357020057306642,-0.9418338108882522,0.,12.011,0.339967,0.359824
160,"C160","CA",0.6965444126074494,0.21257020057306653,-1.1868338108882521,0.,12.011,0.339967,0.359824
161,"C161","CA",-0.10645558739255057,-0.7614297994269337,0.16616618911174763,0.,12.011,0.339967,0.359824
162,"C162","CA",0.7025444126074492,-0.21042979942693352,0.5361661891117477,0.,12.011,0.339967,0.359824
163,"C163","CA",-0.11445558739255057,0.7485702005730661,-0.32583381088825236,0.,12.011,0.339967,0.359824
164,"C164","CA",-0.7264555873925507,-0.005429799426933446,-0.44783381088825225,0.,12.011,0.339967,0.359824
165,"C165","CA",-0.4834555873925508,-0.5734297994269337,1.1501661891117476,0.,12.011,0.339967,0.359824
166,"C166","CA",0.4895444126074495,-0.5754297994269337,-1.6788338108882523,0.,12.011,0.339967,0.359824
167,"C167","CA",-0.43745558739255075,0.6145702005730662,0.5351661891117478,0.,12.011,0.339967,0.359824
168,"C168","CA",-0.10945558739255068,0.7455702005730664,-1.3098338108882523,0.,12.011,0.339967,0.359824
169,"C169","CA",-0.4844555873925507,-0.5724297994269336,1.6411661891117477,0.,12.011,0.339967,0.359824
170,"C170","CA",0.7215444126074493,0.002570200573066117,-1.8018338108882523,0.,12.011,0.339967,0.359824
171,"C171","CA",0.7055444126074493,0.2115702005730662,-0.44883381088825236,0.,12.011,0.339967,0.359824
172,"C172","CA",-0.6224555873925506,-0.4114297994269336,1.5181661891117475,0.,12.011,0.339967,0.359824
173,"C173","CA",0.7325444126074494,0.0015702005730662272,-0.5718338108882524,0.,12.011,0.339967,0.359824
174,"C174","CA",-0.31745558739255064,0.6885702005730665,-0.44883381088825236,0.,12.011,0.339967,0.359824
175,"C175","CA",0.7015444126074493,0.2105702005730663,-0.20283381088825236,0.,12.011,0.339967,0.359824
176,"C176","CA",0.10554441260744918,0.7555702005730662,1.2731661891117478,0.,12.011,0.339967,0.359824
177,"C177","CA",0.3125444126074495,-0.6894297994269336,-1.5548338108882522,0.,12.011,0.339967,0.359824
178,"C178","CA",-0.7414555873925508,-0.004429799426933556,1.5181661891117475,0.,12.011,0.339967,0.359824
179,"C179","CA",0.6195444126074494,-0.4084297994269337,-1.5558338108882523,0.,12.011,0.339967,0.359824
180,"C180","CA",0.1035444126074494,-0.7494297994269337,0.04216618911174774,0.,12.011,0.339967,0.359824
181,"C181","CA",0.7225444126074492,0.002570200573066117,1.6421661891117476,0.,12.011,0.339967,0.359824
182,"C182","CA",-0.6184555873925506,-0.4094297994269336,1.2731661891117478,0.,12.011,0.339967,0.359824
183,"C183","CA",-0.30745558739255063,-0.6944297994269337,-0.20183381088825225,0.,12.011,0.339967,0.359824
184,"C184","CA",0.7275444126074495,-0.07042979942693384,0.044166189111747745,0.,12.011,0.339967,0.359824
185,"C185","CA",0.7125444126074494,-0.20842979942693374,-0.44783381088825225,0.,12.011,0.339967,0.359824
186,"C186","CA",0.7215444126074493,-0.00042979942693355255,0.4131661891117475,0.,12.011,0.339967,0.359824
187,"C187","CA",0.30854441260744947,0.6965702005730665,1.1501661891117476,0.,12.011,0.339967,0.359824
188,"C188","CA",-0.11045558739255057,0.7485702005730661,-1.0648338108882522,0.,12.011,0.339967,0.359824
189,"C189","CA",-0.7424555873925507,-0.004429799426933556,1.7631661891117476,0.,12.011,0.339967,0.359824
190,"C190","CA",0.6195444126074494,-0.4074297994269336,-1.3098338108882523,0.,12.011,0.339967,0.359824
191,"C191","CA",0.03754441260744912,-0.7584297994269336,1.1501661891117476,0.,12.011,0.339967,0.359824
192,"C192","CA",0.10454441260744929,-0.7494297994269337,-0.20283381088825236,0.,12.011,0.339967,0.359824
193,"C193","CA",-0.7134555873925508,0.2055702005730664,1.3951661891117477,0.,12.011,0.339967,0.359824
194,"C194","CA",0.3125444126074495,-0.6864297994269337,-1.3098338108882523,0.,12.011,0.339967,0.359824
195,"C195","CA",-0.10645558739255057,-0.7594297994269337,-0.32583381088825236,0.,12.011,0.339967,0.359824
196,"C196","CA",0.4935444126074495,-0.5764297994269336,-1.1868338108882521,0.,12.011,0.339967,0.359824
197,"C197","CA",-0.6274555873925507,0.39857020057306647,1.5181661891117475,0.,12.011,0.339967,0.359824
198,"C198","CA",-0.6304555873925506,0.39957020057306636,1.764166189111748,0.,12.011,0.339967,0.359824
199,"C199","CA",-0.7144555873925507,0.2055702005730664,-1.8028338108882522,0.,12.011,0.339967,0.359824
200,"C200","CA",0.3635444126074492,0.6525702005730665,-1.4318338108882522,0.,12.011,0.339967,0.359824
201,"C201","CA",-0.6784555873925506,0.27157020057306624,-0.20283381088825236,0.,12.011,0.339967,0.359824
202,"C202","CA",-0.17345558739255074,-0.7334297994269336,1.2741661891117477,0.,12.011,0.339967,0.359824
203,"C203","CA",0.5285444126074492,0.5205702005730664,-1.3088338108882522,0.,12.011,0.339967,0.359824
204,"C204","CA",-0.7244555873925507,0.06757020057306651,0.41116618911174774,0.,12.011,0.339967,0.359824
205,"C205","CA",0.42454441260744913,-0.6094297994269338,0.6581661891117476,0.,12.011,0.339967,0.359824
206,"C206","CA",0.6445444126074493,0.3445702005730662,-1.6788338108882523,0.,12.011,0.339967,0.359824
207,"C207","CA",0.5275444126074493,0.5205702005730664,1.3961661891117476,0.,12.011,0.339967,0.359824
208,"C208","CA",0.42654441260744935,-0.6144297994269337,1.3961661891117476,0.,12.011,0.339967,0.359824
209,"C209","CA",0.5755444126074494,-0.46342979942693363,0.7811661891117478,0.,12.011,0.339967,0.359824
210,"C210","CA",0.6465444126074491,0.3445702005730662,1.5191661891117478,0.,12.011,0.339967,0.359824
211,"C211","CA",-0.04545558739255062,0.7505702005730663,0.04316618911174763,0.,12.011,0.339967,0.359824
212,"C212","CA",0.3605444126074495,0.6495702005730664,-0.9408338108882522,0.,12.011,0.339967,0.359824
213,"C213","CA",0.6835444126074495,-0.2744297994269336,-0.07883381088825225,0.,12.011,0.339967,0.359824
214,"C214","CA",-0.6824555873925506,0.27457020057306636,0.5341661891117475,0.,12.011,0.339967,0.359824
215,"C215","CA",0.2425444126074492,-0.7154297994269336,0.5351661891117478,0.,12.011,0.339967,0.359824
216,"C216","CA",-0.03945558739255084,0.7515702005730662,-1.4338338108882522,0.,12.011,0.339967,0.359824
217,"C217","CA",-0.3704555873925506,-0.6584297994269337,1.1501661891117476,0.,12.011,0.339967,0.359824
218,"C218","CA",-0.3714555873925507,-0.6564297994269337,1.6421661891117476,0.,12.011,0.339967,0.359824
219,"C219","CA",0.2445444126074494,-0.7174297994269336,1.7661661891117477,0.,12.011,0.339967,0.359824
220,"C220","CA",0.5245444126074492,0.5185702005730661,-1.5558338108882523,0.,12.011,0.339967,0.359824
221,"C221","CA",0.7145444126074492,0.14157020057306635,-0.07883381088825225,0.,12.011,0.339967,0.359824
222,"C222","CA",-0.6194555873925507,0.40057020057306625,-0.20283381088825236,0.,12.011,0.339967,0.359824
223,"C223","CA",-0.04445558739255073,0.7545702005730663,0.2881661891117475,0.,12.011,0.339967,0.359824
224,"C224","CA",0.5775444126074492,-0.46642979942693374,1.2731661891117478,0.,12.011,0.339967,0.359824
225,"C225","CA",-0.04445558739255073,0.7535702005730665,-0.20283381088825236,0.,12.011,0.339967,0.359824
226,"C226","CA",0.4805444126074492,0.5725702005730664,-1.4318338108882522,0.,12.011,0.339967,0.359824
227,"C227","CA",0.7195444126074495,0.14257020057306624,-0.5718338108882524,0.,12.011,0.339967,0.359824
228,"C228","CA",-0.1034555873925509,-0.7504297994269338,1.1511661891117475,0.,12.011,0.339967,0.359824
229,"C229","CA",0.5275444126074493,0.5185702005730661,-0.8178338108882524,0.,12.011,0.339967,0.359824
230,"C230","CA",-0.17345558739255074,-0.7424297994269338,0.7811661891117478,0.,12.011,0.339967,0.359824
231,"C231","CA",-0.3684555873925506,-0.6564297994269337,-0.07883381088825225,0.,12.011,0.339967,0.359824
232,"C232","CA",0.03554441260744934,-0.7594297994269337,0.16616618911174763,0.,12.011,0.339967,0.359824
233,"C233","CA",0.5755444126074494,-0.4594297994269336,0.28916618911174785,0.,12.011,0.339967,0.359824
234,"C234","CA",-0.43645558739255064,0.6125702005730664,-0.44983381088825225,0.,12.011,0.339967,0.359824
235,"C235","CA",-0.7144555873925507,-0.14642979942693346,-0.44783381088825225,0.,12.011,0.339967,0.359824
236,"C236","CA",-0.6524555873925506,-0.34642979942693364,1.3951661891117477,0.,12.011,0.339967,0.359824
237,"C237","CA",0.6865444126074491,-0.2744297994269336,-0.32483381088825225,0.,12.011,0.339967,0.359824
238,"C238","CA",-0.6504555873925506,-0.34542979942693375,0.4121661891117476,0.,12.011,0.339967,0.359824
239,"C239","CA",0.7145444126074492,0.14357020057306613,-1.0638338108882524,0.,12.011,0.339967,0.359824
240,"C240","CA",0.5805444126074493,-0.46642979942693374,-1.6788338108882523,0.,12.011,0.339967,0.359824
241,"C241","CA",0.7175444126074493,-0.06842979942693361,1.764166189111748,0.,12.011,0.339967,0.359824
242,"C242","CA",-0.04145558739255062,0.7585702005730663,-0.9408338108882522,0.,12.011,0.339967,0.359824
243,"C243","CA",-0.17245558739255085,-0.7364297994269338,1.0271661891117478,0.,12.011,0.339967,0.359824
244,"C244","CA",0.7215444126074493,-0.0694297994269335,0.5361661891117477,0.,12.011,0.339967,0.359824
245,"C245","CA",0.17354441260744924,0.7395702005730662,1.1491661891117477,0.,12.011,0.339967,0.359824
246,"C246","CA",-0.7374555873925508,0.06657020057306617,1.3951661891117477,0.,12.011,0.339967,0.359824
247,"C247","CA",0.2455444126074493,-0.7114297994269336,-1.4318338108882522,0.,12.011,0.339967,0.359824
248,"C248","CA",-0.5774555873925507,0.4575702005730662,-0.32583381088825236,0.,12.011,0.339967,0.359824
249,"C249","CA",0.6415444126074492,0.3435702005730663,-1.4328338108882523,0.,12.011,0.339967,0.359824
250,"C250","CA",0.6125444126074493,0.40757020057306637,-1.5558338108882523,0.,12.011,0.339967,0.359824
251,"C251","CA",0.5825444126074495,-0.46542979942693363,-1.1858338108882522,0.,12.011,0.339967,0.359824
252,"C252","CA",-0.7384555873925507,0.06557020057306628,-1.8018338108882523,0.,12.011,0.339967,0.359824
253,"C253","CA",-0.5844555873925508,0.4545702005730665,1.6411661891117477,0.,12.011,0.339967,0.359824
254,"C254","CA",0.03454441260744945,-0.7554297994269337,-0.32583381088825236,0.,12.011,0.339967,0.359824
255,"C255","CA",0.5755444126074494,-0.46042979942693374,0.5351661891117478,0.,12.011,0.339967,0.359824
256,"C256","CA",-0.5294555873925506,-0.5184297994269336,0.044166189111747745,0.,12.011,0.339967,0.359824
257,"C257","CA",-0.037455587392550616,0.7495702005730664,-1.6788338108882523,0.,12.011,0.339967,0.359824
258,"C258","CA",-0.035455587392550836,0.7465702005730663,1.7651661891117478,0.,12.011,0.339967,0.359824
259,"C259","CA",0.03654441260744923,-0.7614297994269337,0.4121661891117476,0.,12.011,0.339967,0.359824
260,"C260","CA",0.6165444126074493,-0.4044297994269337,0.6591661891117475,0.,12.011,0.339967,0.359824
261,"C261","CA",-0.6194555873925507,-0.4094297994269336,-0.20183381088825225,0.,12.011,0.339967,0.359824
262,"C262","CA",0.6155444126074494,0.40857020057306626,1.3961661891117476,0.,12.011,0.339967,0.359824
263,"C263","CA",0.42754441260744924,-0.6134297994269338,1.6421661891117476,0.,12.011,0.339967,0.359824
264,"C264","CA",0.7095444126074493,0.14257020057306624,-1.5558338108882523,0.,12.011,0.339967,0.359824
265,"C265","CA",0.6765444126074494,-0.2764297994269336,0.6591661891117475,0.,12.011,0.339967,0.359824
266,"C266","CA",-0.6524555873925506,-0.34742979942693375,-0.32483381088825225,0.,12.011,0.339967,0.359824
267,"C267","CA",-0.5824555873925508,0.4615702005730662,0.6571661891117477,0.,12.011,0.339967,0.359824
268,"C268","CA",0.43354441260744947,-0.6194297994269338,-1.8008338108882522,0.,12.011,0.339967,0.359824
269,"C269","CA",-0.17245558739255085,-0.7324297994269338,1.764166189111748,0.,12.011,0.339967,0.359824
270,"C270","CA",0.6485444126074493,0.3425702005730664,-0.6948338108882524,0.,12.011,0.339967,0.359824
271,"C271","CA",-0.035455587392550836,0.7475702005730662,1.5191661891117478,0.,12.011,0.339967,0.359824
272,"C272","CA",0.7125444126074494,0.14257020057306624,-0.8188338108882522,0.,12.011,0.339967,0.359824
273,"C273","CA",0.2455444126074493,-0.7144297994269337,-1.6778338108882522,0.,12.011,0.339967,0.359824
274,"C274","CA",-0.3664555873925508,-0.6534297994269336,0.16616618911174763,0.,12.011,0.339967,0.359824
275,"C275","CA",-0.17345558739255074,-0.7394297994269337,0.28916618911174785,0.,12.011,0.339967,0.359824
276,"C276","CA",0.7075444126074495,0.14057020057306646,0.16716618911174752,0.,12.011,0.339967,0.359824
277,"C277","CA",-0.7194555873925508,-0.14442979942693368,1.5181661891117475,0.,12.011,0.339967,0.359824
278,"C278","CA",0.4825444126074494,-0.5684297994269336,0.5351661891117478,0.,12.011,0.339967,0.359824
279,"C279","CA",0.3125444126074495,-0.6934297994269336,-1.8008338108882522,0.,12.011,0.339967,0.359824
280,"C280","CA",-0.4914555873925508,0.5695702005730663,0.6581661891117476,0.,12.011,0.339967,0.359824
281,"C281","CA",-0.6754555873925507,0.27057020057306636,-0.44883381088825236,0.,12.011,0.339967,0.359824
282,"C282","CA",0.7095444126074493,0.14257020057306624,-1.3098338108882523,0.,12.011,0.339967,0.359824
283,"C283","CA",0.7045444126074494,0.21257020057306653,-0.6948338108882524,0.,12.011,0.339967,0.359824
284,"C284","CA",-0.5304555873925507,-0.5194297994269337,0.28916618911174785,0.,12.011,0.339967,0.359824
285,"C285","CA",-0.17245558739255085,-0.7384297994269338,0.5361661891117477,0.,12.011,0.339967,0.359824
286,"C286","CA",-0.7134555873925508,-0.1434297994269338,0.5351661891117478,0.,12.011,0.339967,0.359824
287,"C287","CA",0.7175444126074493,-0.0694297994269335,-1.6788338108882523,0.,12.011,0.339967,0.359824
288,"C288","CA",-0.6524555873925506,-0.34642979942693364,1.6411661891117477,0.,12.011,0.339967,0.359824
289,"C289","CA",0.5765444126074493,-0.4574297994269336,0.044166189111747745,0.,12.011,0.339967,0.359824
290,"C290","CA",0.03754441260744912,-0.7564297994269336,-1.8008338108882522,0.,12.011,0.339967,0.359824
291,"C291","CA",0.6715444126074495,-0.2764297994269336,0.9051661891117475,0.,12.011,0.339967,0.359824
292,"C292","CA",-0.30845558739255075,-0.6944297994269337,1.0271661891117478,0.,12.011,0.339967,0.359824
293,"C293","CA",0.16854441260744935,0.7365702005730665,-0.8178338108882524,0.,12.011,0.339967,0.359824
294,"C294","CA",0.6735444126074492,-0.2774297994269337,-1.5558338108882523,0.,12.011,0.339967,0.359824
295,"C295","CA",-0.2514555873925506,0.7165702005730665,0.6581661891117476,0.,12.011,0.339967,0.359824
296,"C296","CA",0.6905444126074491,0.2105702005730663,-1.4328338108882523,0.,12.011,0.339967,0.359824
297,"C297","CA",0.4845444126074492,-0.5714297994269337,1.5191661891117478,0.,12.011,0.339967,0.359824
298,"C298","CA",-0.4824555873925507,-0.5724297994269336,-0.07883381088825225,0.,12.011,0.339967,0.359824
299,"C299","CA",0.7285444126074494,-0.06842979942693361,-0.6948338108882524,0.,12.011,0.339967,0.359824
300,"C300","CA",0.6485444126074493,0.34157020057306653,-0.44883381088825236,0.,12.011,0.339967,0.359824
301,"C301","CA",-0.7314555873925508,-0.0024297994269337764,0.5341661891117475,0.,12.011,0.339967,0.359824
302,"C302","CA",-0.4814555873925508,-0.5704297994269336,0.16616618911174763,0.,12.011,0.339967,0.359824
303,"C303","CA",-0.7234555873925508,-0.14542979942693357,1.764166189111748,0.,12.011,0.339967,0.359824
304,"C304","CA",0.7095444126074493,0.14357020057306613,1.3961661891117476,0.,12.011,0.339967,0.359824
305,"C305","CA",0.23954441260744952,-0.7074297994269336,0.04316618911174763,0.,12.011,0.339967,0.359824
306,"C306","CA",0.6695444126074492,-0.2764297994269336,1.1501661891117476,0.,12.011,0.339967,0.359824
307,"C307","CA",0.10554441260744918,-0.7524297994269338,0.28916618911174785,0.,12.011,0.339967,0.359824
308,"C308","CA",-0.04345558739255084,0.7525702005730661,-0.44883381088825236,0.,12.011,0.339967,0.359824
309,"C309","CA",-0.2504555873925507,0.7135702005730664,-0.5728338108882522,0.,12.011,0.339967,0.359824
310,"C310","CA",-0.10545558739255068,-0.7584297994269336,0.4121661891117476,0.,12.011,0.339967,0.359824
311,"C311","CA",-0.5314555873925506,-0.5224297994269336,1.0271661891117478,0.,12.011,0.339967,0.359824
312,"C312","CA",0.5275444126074493,0.5205702005730664,1.1501661891117476,0.,12.011,0.339967,0.359824
313,"C313","CA",0.6755444126074495,-0.2764297994269336,-1.3098338108882523,0.,12.011,0.339967,0.359824
314,"C314","CA",0.7165444126074494,-0.06842979942693361,1.5191661891117478,0.,12.011,0.339967,0.359824
315,"C315","CA",-0.10945558739255068,0.7455702005730664,-1.5568338108882522,0.,12.011,0.339967,0.359824
316,"C316","CA",-0.04345558739255084,0.7515702005730662,0.5341661891117475,0.,12.011,0.339967,0.359824
317,"C317","CA",0.30054441260744946,0.6865702005730663,-0.8178338108882524,0.,12.011,0.339967,0.359824
318,"C318","CA",-0.5344555873925507,-0.5204297994269336,1.764166189111748,0.,12.011,0.339967,0.359824
319,"C319","CA",-0.3704555873925506,-0.6584297994269337,-0.32483381088825225,0.,12.011,0.339967,0.359824
320,"C320","CA",0.6195444126074494,-0.4004297994269337,-0.07883381088825225,0.,12.011,0.339967,0.359824
321,"C321","CA",-0.036455587392550726,0.7495702005730664,1.2731661891117478,0.,12.011,0.339967,0.359824
322,"C322","CA",-0.6484555873925506,-0.34542979942693375,1.1501661891117476,0.,12.011,0.339967,0.359824
323,"C323","CA",0.6465444126074491,0.34157020057306653,-0.20283381088825236,0.,12.011,0.339967,0.359824
324,"C324","CA",-0.7224555873925507,0.0645702005730664,-0.5708338108882522,0.,12.011,0.339967,0.359824
325,"C325","CA",-0.30745558739255063,-0.6884297994269337,1.7651661891117478,0.,12.011,0.339967,0.359824
326,"C326","CA",-0.24545558739255058,0.7045702005730665,-1.3108338108882522,0.,12.011,0.339967,0.359824
327,"C327","CA",0.6845444126074494,-0.2744297994269336,-0.5708338108882522,0.,12.011,0.339967,0.359824
328,"C328","CA",0.7075444126074495,0.14057020057306646,0.4131661891117475,0.,12.011,0.339967,0.359824
329,"C329","CA",-0.7064555873925507,-0.21542979942693385,1.3951661891117477,0.,12.011,0.339967,0.359824
330,"C330","CA",0.30854441260744947,-0.6894297994269336,0.4121661891117476,0.,12.011,0.339967,0.359824
331,"C331","CA",0.6955444126074495,0.2095702005730664,0.044166189111747745,0.,12.011,0.339967,0.359824
332,"C332","CA",-0.7054555873925508,-0.21442979942693352,1.6411661891117477,0.,12.011,0.339967,0.359824
333,"C333","CA",0.23954441260744952,-0.7054297994269336,-0.20283381088825236,0.,12.011,0.339967,0.359824
334,"C334","CA",-0.2464555873925507,0.7085702005730665,-1.0648338108882522,0.,12.011,0.339967,0.359824
335,"C335","CA",0.3665444126074493,0.6565702005730665,1.0261661891117475,0.,12.011,0.339967,0.359824
336,"C336","CA",-0.6864555873925506,0.27257020057306613,1.2721661891117475,0.,12.011,0.339967,0.359824
337,"C337","CA",-0.5814555873925507,0.4535702005730662,1.3961661891117476,0.,12.011,0.339967,0.359824
338,"C338","CA",-0.5834555873925507,0.4535702005730662,-1.8028338108882522,0.,12.011,0.339967,0.359824
339,"C339","CA",-0.17545558739255052,-0.7384297994269338,-0.44883381088825236,0.,12.011,0.339967,0.359824
340,"C340","CA",0.43354441260744947,-0.6134297994269338,-1.0628338108882522,0.,12.011,0.339967,0.359824
341,"C341","CA",0.2455444126074493,-0.7104297994269337,-1.1868338108882521,0.,12.011,0.339967,0.359824
342,"C342","CA",-0.6194555873925507,0.40157020057306614,-0.44883381088825236,0.,12.011,0.339967,0.359824
343,"C343","CA",-0.6894555873925508,0.27157020057306624,-1.6788338108882523,0.,12.011,0.339967,0.359824
344,"C344","CA",0.4865444126074494,-0.5724297994269336,1.764166189111748,0.,12.011,0.339967,0.359824
345,"C345","CA",0.4835444126074493,-0.5664297994269336,0.28916618911174785,0.,12.011,0.339967,0.359824
346,"C346","CA",0.7195444126074495,0.0015702005730662272,-1.5558338108882523,0.,12.011,0.339967,0.359824
347,"C347","CA",-0.1074555873925509,0.7435702005730662,-1.8018338108882523,0.,12.011,0.339967,0.359824
348,"C348","CA",0.42654441260744935,-0.6104297994269337,0.4121661891117476,0.,12.011,0.339967,0.359824
349,"C349","CA",-0.30745558739255063,-0.6934297994269336,0.28916618911174785,0.,12.011,0.339967,0.359824
350,"C350","CA",-0.5324555873925507,-0.5224297994269336,-0.20183381088825225,0.,12.011,0.339967,0.359824
351,"C351","CA",-0.10545558739255068,0.7395702005730662,1.6411661891117477,0.,12.011,0.339967,0.359824
352,"C352","CA",0.6185444126074495,-0.4074297994269336,1.3961661891117476,0.,12.011,0.339967,0.359824
353,"C353","CA",0.6965444126074494,-0.20942979942693363,-1.6788338108882523,0.,12.011,0.339967,0.359824
354,"C354","CA",0.6955444126074495,-0.20842979942693374,0.7821661891117477,0.,12.011,0.339967,0.359824
355,"C355","CA",-0.7074555873925508,0.2075702005730662,0.6571661891117477,0.,12.011,0.339967,0.359824
356,"C356","CA",-0.30745558739255063,-0.6944297994269337,0.7811661891117478,0.,12.011,0.339967,0.359824
357,"C357","CA",0.7275444126074495,0.0015702005730662272,-0.8178338108882524,0.,12.011,0.339967,0.359824
358,"C358","CA",0.6125444126074493,0.40357020057306636,-0.5718338108882524,0.,12.011,0.339967,0.359824
359,"C359","CA",0.6215444126074492,-0.4084297994269337,-1.8018338108882523,0.,12.011,0.339967,0.359824
360,"C360","CA",0.1075444126074494,-0.7484297994269338,-1.6778338108882522,0.,12.011,0.339967,0.359824
361,"C361","CA",0.09654441260744928,0.7465702005730663,0.04316618911174763,0.,12.011,0.339967,0.359824
362,"C362","CA",0.4775444126074495,0.5675702005730665,-0.6948338108882524,0.,12.011,0.339967,0.359824
363,"C363","CA",0.6985444126074491,-0.21042979942693352,-1.4328338108882523,0.,12.011,0.339967,0.359824
364,"C364","CA",-0.10445558739255079,-0.7484297994269338,-1.8018338108882523,0.,12.011,0.339967,0.359824
365,"C365","CA",0.6955444126074495,-0.20842979942693374,1.7651661891117478,0.,12.011,0.339967,0.359824
366,"C366","CA",0.2415444126074493,-0.7124297994269337,0.28916618911174785,0.,12.011,0.339967,0.359824
367,"C367","CA",0.7255444126074493,0.0015702005730662272,-1.0638338108882524,0.,12.011,0.339967,0.359824
368,"C368","CA",-0.11345558739255068,0.7485702005730661,-0.5718338108882524,0.,12.011,0.339967,0.359824
369,"C369","CA",-0.1124555873925508,0.7495702005730664,-0.8188338108882522,0.,12.011,0.339967,0.359824
370,"C370","CA",0.09754441260744917,0.7485702005730661,-0.20283381088825236,0.,12.011,0.339967,0.359824
371,"C371","CA",-0.10545558739255068,0.7385702005730663,1.3961661891117476,0.,12.011,0.339967,0.359824
372,"C372","CA",0.6205444126074493,-0.4004297994269337,-0.32483381088825225,0.,12.011,0.339967,0.359824
373,"C373","CA",0.09654441260744928,0.7475702005730662,0.2881661891117475,0.,12.011,0.339967,0.359824
374,"C374","CA",-0.4934555873925506,0.5715702005730665,-0.5728338108882522,0.,12.011,0.339967,0.359824
375,"C375","CA",0.6905444126074491,-0.20842979942693374,1.0281661891117477,0.,12.011,0.339967,0.359824
376,"C376","CA",-0.6234555873925507,-0.4104297994269337,1.764166189111748,0.,12.011,0.339967,0.359824
377,"C377","CA",-0.3674555873925507,-0.6574297994269336,0.9041661891117476,0.,12.011,0.339967,0.359824
378,"C378","CA",0.7185444126074492,0.002570200573066117,1.3961661891117476,0.,12.011,0.339967,0.359824
379,"C379","CA",-0.6144555873925508,-0.4074297994269336,0.5351661891117478,0.,12.011,0.339967,0.359824
380,"C380","CA",-0.7384555873925507,-0.004429799426933556,1.2721661891117475,0.,12.011,0.339967,0.359824
381,"C381","CA",-0.6974555873925508,0.20457020057306652,-0.5718338108882524,0.,12.011,0.339967,0.359824
382,"C382","CA",0.6935444126074493,0.2095702005730664,0.29016618911174774,0.,12.011,0.339967,0.359824
383,"C383","CA",0.30554441260744936,-0.6814297994269336,-0.07983381088825237,0.,12.011,0.339967,0.359824
384,"C384","CA",-0.11345558739255068,0.7505702005730663,0.6581661891117476,0.,12.011,0.339967,0.359824
385,"C385","CA",0.7105444126074492,-0.20942979942693363,-0.6948338108882524,0.,12.011,0.339967,0.359824
386,"C386","CA",0.5765444126074493,-0.46342979942693363,1.5191661891117478,0.,12.011,0.339967,0.359824
387,"C387","CA",0.6135444126074492,0.40357020057306636,-0.32583381088825236,0.,12.011,0.339967,0.359824
388,"C388","CA",0.30654441260744925,-0.6844297994269337,0.16616618911174763,0.,12.011,0.339967,0.359824
389,"C389","CA",0.6755444126074495,-0.2774297994269337,-1.8018338108882523,0.,12.011,0.339967,0.359824
390,"C390","CA",0.6465444126074491,0.34557020057306653,1.2731661891117478,0.,12.011,0.339967,0.359824
391,"C391","CA",0.7215444126074493,0.0015702005730662272,-1.3098338108882523,0.,12.011,0.339967,0.359824
392,"C392","CA",0.7215444126074493,0.0015702005730662272,0.6591661891117475,0.,12.011,0.339967,0.359824
393,"C393","CA",-0.6144555873925508,-0.4074297994269336,1.0271661891117478,0.,12.011,0.339967,0.359824
394,"C394","CA",-0.7004555873925506,-0.21542979942693385,-0.5708338108882522,0.,12.011,0.339967,0.359824
395,"C395","CA",0.7175444126074493,-0.0694297994269335,-1.4328338108882523,0.,12.011,0.339967,0.359824
396,"C396","CA",0.1075444126074494,-0.7434297994269337,-1.4318338108882522,0.,12.011,0.339967,0.359824
397,"C397","CA",0.6235444126074494,-0.4064297994269337,-1.0638338108882524,0.,12.011,0.339967,0.359824
398,"C398","CA",-0.30745558739255063,-0.6934297994269336,0.5351661891117478,0.,12.011,0.339967,0.359824
399,"C399","CA",-0.4854555873925508,-0.5754297994269337,-0.32483381088825225,0.,12.011,0.339967,0.359824
400,"C400","CA",0.10254441260744951,0.7535702005730665,1.0261661891117475,0.,12.011,0.339967,0.359824
401,"C401","CA",-0.4824555873925507,-0.5724297994269336,0.4121661891117476,0.,12.011,0.339967,0.359824
402,"C402","CA",0.4795444126074493,0.5715702005730665,1.0271661891117478,0.,12.011,0.339967,0.359824
403,"C403","CA",0.4815444126074495,-0.5624297994269336,0.04316618911174763,0.,12.011,0.339967,0.359824
404,"C404","CA",-0.4864555873925507,0.5575702005730663,1.6411661891117477,0.,12.011,0.339967,0.359824
405,"C405","CA",-0.7264555873925507,0.06757020057306651,0.6571661891117477,0.,12.011,0.339967,0.359824
406,"C406","CA",0.5785444126074495,-0.46542979942693363,1.764166189111748,0.,12.011,0.339967,0.359824
407,"C407","CA",-0.7214555873925508,-0.14542979942693357,1.2721661891117475,0.,12.011,0.339967,0.359824
408,"C408","CA",-0.31145558739255064,0.6805702005730665,-1.1878338108882522,0.,12.011,0.339967,0.359824
409,"C409","CA",-0.30945558739255064,-0.6934297994269336,-0.44783381088825225,0.,12.011,0.339967,0.359824
410,"C410","CA",0.42554441260744946,-0.6064297994269336,0.16616618911174763,0.,12.011,0.339967,0.359824
411,"C411","CA",0.3625444126074493,0.6505702005730662,-0.6948338108882524,0.,12.011,0.339967,0.359824
412,"C412","CA",-0.6254555873925507,0.40057020057306625,1.2721661891117475,0.,12.011,0.339967,0.359824
413,"C413","CA",0.0995444126074494,0.7525702005730661,-0.6948338108882524,0.,12.011,0.339967,0.359824
414,"C414","CA",-0.3674555873925507,-0.6554297994269336,0.4121661891117476,0.,12.011,0.339967,0.359824
415,"C415","CA",0.6935444126074493,-0.20842979942693374,1.5191661891117478,0.,12.011,0.339967,0.359824
416,"C416","CA",0.5775444126074492,-0.4574297994269336,-0.20183381088825225,0.,12.011,0.339967,0.359824
417,"C417","CA",-0.4824555873925507,-0.5734297994269337,0.9041661891117476,0.,12.011,0.339967,0.359824
418,"C418","CA",-0.7434555873925506,-0.005429799426933446,-1.6788338108882523,0.,12.011,0.339967,0.359824
419,"C419","CA",0.10554441260744918,-0.7504297994269338,-0.44883381088825236,0.,12.011,0.339967,0.359824
420,"C420","CA",-0.6264555873925506,0.39857020057306647,-1.6798338108882522,0.,12.011,0.339967,0.359824
421,"C421","CA",-0.04245558739255051,0.7555702005730662,-0.6948338108882524,0.,12.011,0.339967,0.359824
422,"C422","CA",-0.6194555873925507,-0.4104297994269337,-0.44783381088825225,0.,12.011,0.339967,0.359824
423,"C423","CA",0.31054441260744925,-0.6844297994269337,-1.0628338108882522,0.,12.011,0.339967,0.359824
424,"C424","CA",0.6905444126074491,-0.20842979942693374,1.2731661891117478,0.,12.011,0.339967,0.359824
425,"C425","CA",-0.43545558739255075,0.6125702005730664,0.7811661891117478,0.,12.011,0.339967,0.359824
426,"C426","CA",-0.6224555873925506,0.40157020057306614,0.7801661891117475,0.,12.011,0.339967,0.359824
427,"C427","CA",0.7025444126074492,-0.21042979942693352,-1.1878338108882522,0.,12.011,0.339967,0.359824
428,"C428","CA",0.6995444126074495,0.2145702005730663,1.2731661891117478,0.,12.011,0.339967,0.359824
429,"C429","CA",0.6725444126074493,-0.2764297994269336,1.3961661891117476,0.,12.011,0.339967,0.359824
430,"C430","CA",0.7215444126074493,-0.0694297994269335,-1.1868338108882521,0.,12.011,0.339967,0.359824
431,"C431","CA",-0.31645558739255075,0.6905702005730663,0.7811661891117478,0.,12.011,0.339967,0.359824
432,"C432","CA",0.6175444126074492,0.40957020057306615,1.1501661891117476,0.,12.011,0.339967,0.359824
433,"C433","CA",0.7245444126074494,-0.0694297994269335,-0.9408338108882522,0.,12.011,0.339967,0.359824
434,"C434","CA",-0.31645558739255075,0.6875702005730662,-0.6958338108882522,0.,12.011,0.339967,0.359824
435,"C435","CA",-0.7034555873925508,-0.21442979942693352,1.1491661891117477,0.,12.011,0.339967,0.359824
436,"C436","CA",0.5265444126074494,0.5165702005730664,-0.5718338108882524,0.,12.011,0.339967,0.359824
437,"C437","CA",-0.6994555873925508,-0.21242979942693374,0.6581661891117476,0.,12.011,0.339967,0.359824
438,"C438","CA",-0.5824555873925508,0.4605702005730663,-0.5718338108882524,0.,12.011,0.339967,0.359824
439,"C439","CA",0.6745444126074491,-0.2764297994269336,1.6421661891117476,0.,12.011,0.339967,0.359824
440,"C440","CA",0.0985444126074495,0.7495702005730664,-0.44883381088825236,0.,12.011,0.339967,0.359824
441,"C441","CA",-0.2444555873925507,0.7025702005730663,-1.5568338108882522,0.,12.011,0.339967,0.359824
442,"C442","CA",0.6205444126074493,-0.4074297994269336,1.6411661891117477,0.,12.011,0.339967,0.359824
443,"C443","CA",-0.3694555873925507,-0.6594297994269336,0.6581661891117476,0.,12.011,0.339967,0.359824
444,"C444","CA",-0.7074555873925508,-0.21442979942693352,-1.8018338108882523,0.,12.011,0.339967,0.359824
445,"C445","CA",0.7185444126074492,-0.0694297994269335,0.7821661891117477,0.,12.011,0.339967,0.359824
446,"C446","CA",0.16554441260744923,0.7295702005730664,-0.07983381088825237,0.,12.011,0.339967,0.359824
447,"C447","CA",-0.24945558739255058,0.7135702005730664,-0.8188338108882522,0.,12.011,0.339967,0.359824
448,"C448","CA",-0.31045558739255075,0.6765702005730665,-1.4338338108882522,0.,12.011,0.339967,0.359824
449,"C449","CA",0.16554441260744923,0.7325702005730665,0.16516618911174774,0.,12.011,0.339967,0.359824
450,"C450","CA",-0.3694555873925507,-0.6544297994269337,-1.8018338108882523,0.,12.011,0.339967,0.359824
451,"C451","CA",0.03754441260744912,-0.7524297994269338,-1.5548338108882522,0.,12.011,0.339967,0.359824
452,"C452","CA",-0.5304555873925507,-0.5214297994269337,0.5351661891117478,0.,12.011,0.339967,0.359824
453,"C453","CA",-0.4844555873925507,-0.5704297994269336,-1.8018338108882523,0.,12.011,0.339967,0.359824
454,"C454","CA",0.42554441260744946,-0.6054297994269338,-0.07983381088825237,0.,12.011,0.339967,0.359824
455,"C455","CA",0.6145444126074495,0.40557020057306614,-0.07983381088825237,0.,12.011,0.339967,0.359824
456,"C456","CA",0.6445444126074493,0.34157020057306653,0.04316618911174763,0.,12.011,0.339967,0.359824
457,"C457","CA",-0.31345558739255064,0.6835702005730662,-0.9418338108882522,0.,12.011,0.339967,0.359824
458,"C458","CA",-0.6824555873925506,0.27357020057306647,0.7801661891117475,0.,12.011,0.339967,0.359824
459,"C459","CA",0.09754441260744917,0.7465702005730663,0.5341661891117475,0.,12.011,0.339967,0.359824
460,"C460","CA",-0.10845558739255079,0.7435702005730662,1.1501661891117476,0.,12.011,0.339967,0.359824
461,"C461","CA",0.6225444126074495,-0.4024297994269337,-0.5708338108882522,0.,12.011,0.339967,0.359824
462,"C462","CA",0.7145444126074492,-0.06842979942693361,1.2731661891117478,0.,12.011,0.339967,0.359824
463,"C463","CA",-0.4864555873925507,0.5575702005730663,-1.8028338108882522,0.,12.011,0.339967,0.359824
464,"C464","CA",0.6805444126074494,-0.2764297994269336,-1.0638338108882524,0.,12.011,0.339967,0.359824
465,"C465","CA",0.30554441260744936,-0.6804297994269337,-0.32583381088825236,0.,12.011,0.339967,0.359824
466,"C466","CA",-0.7094555873925508,0.2065702005730663,1.1491661891117477,0.,12.011,0.339967,0.359824
467,"C467","CA",-0.6474555873925507,-0.34442979942693364,0.6581661891117476,0.,12.011,0.339967,0.359824
468,"C468","CA",-0.24345558739255058,0.7025702005730663,-1.8018338108882523,0.,12.011,0.339967,0.359824
469,"C469","CA",-0.4854555873925508,0.5585702005730662,1.3961661891117476,0.,12.011,0.339967,0.359824
470,"C470","CA",0.30454441260744947,0.6925702005730665,0.9031661891117477,0.,12.011,0.339967,0.359824
471,"C471","CA",0.6955444126074495,0.2115702005730662,0.5351661891117478,0.,12.011,0.339967,0.359824
472,"C472","CA",-0.2424555873925507,0.7005702005730665,1.6411661891117477,0.,12.011,0.339967,0.359824
473,"C473","CA",-0.7264555873925507,-0.005429799426933446,-0.6938338108882522,0.,12.011,0.339967,0.359824
474,"C474","CA",0.16654441260744912,0.7335702005730664,-0.32583381088825236,0.,12.011,0.339967,0.359824
475,"C475","CA",-0.43645558739255064,0.6125702005730664,-0.6958338108882522,0.,12.011,0.339967,0.359824
476,"C476","CA",0.4905444126074494,-0.5714297994269337,-0.9398338108882522,0.,12.011,0.339967,0.359824
477,"C477","CA",0.16654441260744912,0.7325702005730665,-0.5718338108882524,0.,12.011,0.339967,0.359824
478,"C478","CA",-0.5334555873925506,-0.5234297994269337,-0.44783381088825225,0.,12.011,0.339967,0.359824
479,"C479","CA",-0.43045558739255063,0.6015702005730663,1.764166189111748,0.,12.011,0.339967,0.359824
480,"C480","CA",0.5775444126074492,-0.4574297994269336,-0.44783381088825225,0.,12.011,0.339967,0.359824
481,"C481","CA",-0.6544555873925506,-0.34542979942693375,-1.8018338108882523,0.,12.011,0.339967,0.359824
482,"C482","CA",-0.7344555873925507,0.06657020057306617,1.1491661891117477,0.,12.011,0.339967,0.359824
483,"C483","CA",0.1075444126074494,-0.7444297994269338,-1.1868338108882521,0.,12.011,0.339967,0.359824
484,"C484","CA",-0.6494555873925507,-0.34742979942693375,-0.5708338108882522,0.,12.011,0.339967,0.359824
485,"C485","CA",-0.10645558739255057,-0.7544297994269336,-0.5718338108882524,0.,12.011,0.339967,0.359824
486,"C486","CA",-0.42745558739255074,0.5985702005730662,1.5191661891117478,0.,12.011,0.339967,0.359824
487,"C487","CA",-0.03945558739255084,0.7555702005730662,1.0271661891117478,0.,12.011,0.339967,0.359824
488,"C488","CA",0.7065444126074492,-0.21042979942693352,-0.9408338108882522,0.,12.011,0.339967,0.359824
489,"C489","CA",0.4805444126074492,-0.5604297994269336,-0.20283381088825236,0.,12.011,0.339967,0.359824
490,"C490","CA",-0.7134555873925508,0.20457020057306652,-1.5558338108882523,0.,12.011,0.339967,0.359824
491,"C491","CA",0.16654441260744912,0.7315702005730662,0.41116618911174774,0.,12.011,0.339967,0.359824
492,"C492","CA",-0.4834555873925508,-0.5744297994269336,0.6581661891117476,0.,12.011,0.339967,0.359824
493,"C493","CA",0.6845444126074494,-0.2764297994269336,-0.8178338108882524,0.,12.011,0.339967,0.359824
494,"C494","CA",0.5835444126074494,-0.46442979942693374,-0.9398338108882522,0.,12.011,0.339967,0.359824
495,"C495","CA",0.7155444126074495,-0.06842979942693361,1.0281661891117477,0.,12.011,0.339967,0.359824
496,"C496","CA",0.17054441260744913,0.7395702005730662,0.9031661891117477,0.,12.011,0.339967,0.359824
497,"C497","CA",-0.17345558739255074,-0.7344297994269338,-1.6788338108882523,0.,12.011,0.339967,0.359824
498,"C498","CA",-0.2424555873925507,0.7015702005730664,1.3961661891117476,0.,12.011,0.339967,0.359824
499,"C499","CA",-0.5294555873925506,-0.5214297994269337,0.7811661891117478,0.,12.011,0.339967,0.359824
500,"C500","CA",0.7095444126074493,0.14257020057306624,0.6591661891117475,0.,12.011,0.339967,0.359824
501,"C501","CA",0.30054441260744946,0.6855702005730664,-0.5718338108882524,0.,12.011,0.339967,0.359824
502,"C502","CA",-0.6474555873925507,-0.34442979942693364,0.9041661891117476,0.,12.011,0.339967,0.359824
503,"C503","CA",-0.30845558739255075,0.6735702005730664,1.764166189111748,0.,12.011,0.339967,0.359824
504,"C504","CA",-0.04145558739255062,0.7565702005730661,0.7801661891117475,0.,12.011,0.339967,0.359824
505,"C505","CA",-0.30845558739255075,0.6745702005730663,-1.6798338108882522,0.,12.011,0.339967,0.359824
506,"C506","CA",-0.7234555873925508,-0.14542979942693357,-1.6788338108882523,0.,12.011,0.339967,0.359824
507,"C507","CA",-0.7124555873925507,-0.14642979942693346,-0.6938338108882522,0.,12.011,0.339967,0.359824
508,"C508","CA",0.2415444126074493,-0.7074297994269336,-0.44883381088825236,0.,12.011,0.339967,0.359824
509,"C509","CA",0.5265444126074494,0.5155702005730665,-0.32583381088825236,0.,12.011,0.339967,0.359824
510,"C510","CA",0.03654441260744923,-0.7514297994269337,-1.3098338108882523,0.,12.011,0.339967,0.359824
511,"C511","CA",-0.7334555873925508,-0.0034297994269336662,0.7801661891117475,0.,12.011,0.339967,0.359824
512,"C512","CA",-0.30845558739255075,0.6755702005730662,1.5191661891117478,0.,12.011,0.339967,0.359824
513,"C513","CA",-0.6134555873925507,-0.4064297994269337,0.7811661891117478,0.,12.011,0.339967,0.359824
514,"C514","CA",-0.6784555873925506,0.27157020057306624,-0.6948338108882524,0.,12.011,0.339967,0.359824
515,"C515","CA",-0.7144555873925507,-0.1434297994269338,0.7801661891117475,0.,12.011,0.339967,0.359824
516,"C516","CA",0.03554441260744934,-0.7544297994269336,-0.5718338108882524,0.,12.011,0.339967,0.359824
517,"C517","CA",0.7185444126074492,0.002570200573066117,1.1501661891117476,0.,12.011,0.339967,0.359824
518,"C518","CA",0.4755444126074493,0.5645702005730664,-0.44883381088825236,0.,12.011,0.339967,0.359824
519,"C519","CA",0.6445444126074493,0.3425702005730664,0.28916618911174785,0.,12.011,0.339967,0.359824
520,"C520","CA",-0.5834555873925507,0.4595702005730664,0.9041661891117476,0.,12.011,0.339967,0.359824
521,"C521","CA",0.7095444126074493,0.14357020057306613,1.1501661891117476,0.,12.011,0.339967,0.359824
522,"C522","CA",-0.7364555873925507,0.0645702005730664,-1.5558338108882523,0.,12.011,0.339967,0.359824
523,"C523","CA",-0.4894555873925508,0.5665702005730662,0.9041661891117476,0.,12.011,0.339967,0.359824
524,"C524","CA",0.42654441260744935,-0.6054297994269338,-0.32583381088825236,0.,12.011,0.339967,0.359824
525,"C525","CA",0.7205444126074494,0.002570200573066117,0.9051661891117475,0.,12.011,0.339967,0.359824
526,"C526","CA",-0.7154555873925508,-0.14442979942693368,1.0261661891117475,0.,12.011,0.339967,0.359824
527,"C527","CA",-0.5834555873925507,0.4585702005730665,1.1501661891117476,0.,12.011,0.339967,0.359824
528,"C528","CA",-0.2484555873925507,0.7115702005730662,0.9041661891117476,0.,12.011,0.339967,0.359824
529,"C529","CA",-0.1114555873925509,0.7495702005730664,0.9041661891117476,0.,12.011,0.339967,0.359824
530,"C530","CA",-0.6224555873925506,0.40157020057306614,-0.6948338108882524,0.,12.011,0.339967,0.359824
531,"C531","CA",-0.43045558739255063,0.6005702005730664,-1.6798338108882522,0.,12.011,0.339967,0.359824
532,"C532","CA",0.6245444126074493,-0.4054297994269336,-0.8168338108882522,0.,12.011,0.339967,0.359824
533,"C533","CA",-0.10445558739255079,-0.7464297994269338,-1.5558338108882523,0.,12.011,0.339967,0.359824
534,"C534","CA",-0.30845558739255075,-0.6884297994269337,-1.6788338108882523,0.,12.011,0.339967,0.359824
535,"C535","CA",0.5295444126074491,0.5215702005730662,0.9041661891117476,0.,12.011,0.339967,0.359824
536,"C536","CA",-0.7084555873925507,0.2075702005730662,0.9031661891117477,0.,12.011,0.339967,0.359824
537,"C537","CA",-0.3714555873925507,-0.6584297994269337,-0.5708338108882522,0.,12.011,0.339967,0.359824
538,"C538","CA",0.0995444126074494,0.7495702005730664,0.7801661891117475,0.,12.011,0.339967,0.359824
539,"C539","CA",-0.6994555873925508,-0.21342979942693363,0.9031661891117477,0.,12.011,0.339967,0.359824
540,"C540","CA",-0.6854555873925507,0.27357020057306647,1.0261661891117475,0.,12.011,0.339967,0.359824
541,"C541","CA",-0.5844555873925508,0.4555702005730664,-1.5568338108882522,0.,12.011,0.339967,0.359824
542,"C542","CA",0.6485444126074493,0.3465702005730664,1.0271661891117478,0.,12.011,0.339967,0.359824
543,"C543","CA",-0.43245558739255063,0.6055702005730663,-1.1878338108882522,0.,12.011,0.339967,0.359824
544,"C544","CA",-0.7354555873925508,-0.0034297994269336662,1.0261661891117475,0.,12.011,0.339967,0.359824
545,"C545","CA",0.6145444126074495,0.4065702005730665,0.16616618911174763,0.,12.011,0.339967,0.359824
546,"C546","CA",0.3605444126074495,0.6475702005730661,-0.44883381088825236,0.,12.011,0.339967,0.359824
547,"C547","CA",0.5825444126074495,-0.46142979942693363,-0.6938338108882522,0.,12.011,0.339967,0.359824
548,"C548","CA",-0.24545558739255058,0.7075702005730662,1.1501661891117476,0.,12.011,0.339967,0.359824
549,"C549","CA",0.16854441260744935,0.7345702005730663,0.6571661891117477,0.,12.011,0.339967,0.359824
550,"C550","CA",0.2445444126074494,-0.7094297994269336,-0.9408338108882522,0.,12.011,0.339967,0.359824
551,"C551","CA",-0.43145558739255074,0.6025702005730662,-1.4338338108882522,0.,12.011,0.339967,0.359824
552,"C552","CA",-0.43045558739255063,0.6045702005730664,1.2731661891117478,0.,12.011,0.339967,0.359824
553,"C553","CA",-0.6244555873925506,0.40157020057306614,1.0261661891117475,0.,12.011,0.339967,0.359824
554,"C554","CA",-0.43445558739255064,0.6095702005730663,-0.9418338108882522,0.,12.011,0.339967,0.359824
555,"C555","CA",0.30054441260744946,0.6855702005730664,-0.32583381088825236,0.,12.011,0.339967,0.359824
556,"C556","CA",-0.7294555873925508,0.06757020057306651,0.9031661891117477,0.,12.011,0.339967,0.359824
557,"C557","CA",-0.31145558739255064,0.6805702005730665,1.2731661891117478,0.,12.011,0.339967,0.359824
558,"C558","CA",0.4815444126074495,-0.5614297994269337,-0.44783381088825225,0.,12.011,0.339967,0.359824
559,"C559","CA",0.29954441260744913,0.6845702005730665,-0.07983381088825237,0.,12.011,0.339967,0.359824
560,"C560","CA",0.5275444126074493,0.5175702005730662,-0.07983381088825237,0.,12.011,0.339967,0.359824
561,"C561","CA",-0.4924555873925507,0.5695702005730663,-0.8188338108882522,0.,12.011,0.339967,0.359824
562,"C562","CA",-0.4864555873925507,0.5585702005730662,-1.5568338108882522,0.,12.011,0.339967,0.359824
563,"C563","CA",0.29954441260744913,0.6835702005730662,0.16516618911174774,0.,12.011,0.339967,0.359824
564,"C564","CA",-0.4874555873925508,-0.5774297994269337,-0.5708338108882522,0.,12.011,0.339967,0.359824
565,"C565","CA",-0.5324555873925507,-0.5194297994269337,-1.6788338108882523,0.,12.011,0.339967,0.359824
566,"C566","CA",0.6995444126074495,0.2145702005730663,1.0271661891117478,0.,12.011,0.339967,0.359824
567,"C567","CA",0.4765444126074492,0.5655702005730663,-0.20283381088825236,0.,12.011,0.339967,0.359824
568,"C568","CA",0.43154441260744925,-0.6094297994269338,-0.8168338108882522,0.,12.011,0.339967,0.359824
569,"C569","CA",0.3655444126074494,0.6555702005730661,0.7801661891117475,0.,12.011,0.339967,0.359824
570,"C570","CA",-0.31345558739255064,0.6865702005730663,1.0281661891117477,0.,12.011,0.339967,0.359824
571,"C571","CA",-0.4874555873925508,0.5625702005730662,1.1501661891117476,0.,12.011,0.339967,0.359824
572,"C572","CA",-0.6224555873925506,-0.4084297994269337,-1.6788338108882523,0.,12.011,0.339967,0.359824
573,"C573","CA",0.6465444126074491,0.3445702005730662,0.5351661891117478,0.,12.011,0.339967,0.359824
574,"C574","CA",-0.43245558739255063,0.6085702005730664,1.0271661891117478,0.,12.011,0.339967,0.359824
575,"C575","CA",0.7105444126074492,0.14357020057306613,0.9041661891117476,0.,12.011,0.339967,0.359824
576,"C576","CA",0.6995444126074495,0.21357020057306642,0.7811661891117478,0.,12.011,0.339967,0.359824
577,"C577","CA",0.3615444126074494,0.6495702005730664,-0.20283381088825236,0.,12.011,0.339967,0.359824
578,"C578","CA",0.6185444126074495,0.4105702005730665,0.9041661891117476,0.,12.011,0.339967,0.359824
579,"C579","CA",-0.7254555873925508,0.0645702005730664,-0.8168338108882522,0.,12.011,0.339967,0.359824
580,"C580","CA",0.30654441260744925,-0.6784297994269337,-0.5718338108882524,0.,12.011,0.339967,0.359824
581,"C581","CA",0.30054441260744946,0.6835702005730662,0.41116618911174774,0.,12.011,0.339967,0.359824
582,"C582","CA",0.4875444126074493,-0.5674297994269337,-0.6938338108882522,0.,12.011,0.339967,0.359824
583,"C583","CA",-0.17545558739255052,-0.7354297994269337,-0.6948338108882524,0.,12.011,0.339967,0.359824
584,"C584","CA",0.03654441260744923,-0.7524297994269338,-1.0638338108882524,0.,12.011,0.339967,0.359824
585,"C585","CA",-0.4874555873925508,0.5605702005730664,-1.3108338108882522,0.,12.011,0.339967,0.359824
586,"C586","CA",0.3625444126074493,0.6505702005730662,0.04216618911174774,0.,12.011,0.339967,0.359824
587,"C587","CA",0.6165444126074493,0.40857020057306626,0.4121661891117476,0.,12.011,0.339967,0.359824
588,"C588","CA",-0.5824555873925508,0.4595702005730664,-0.8188338108882522,0.,12.011,0.339967,0.359824
589,"C589","CA",-0.6224555873925506,-0.4124297994269337,-0.6938338108882522,0.,12.011,0.339967,0.359824
590,"C590","CA",-0.6874555873925507,0.27057020057306636,-1.4328338108882523,0.,12.011,0.339967,0.359824
591,"C591","CA",-0.4894555873925508,0.5645702005730664,-1.0648338108882522,0.,12.011,0.339967,0.359824
592,"C592","CA",0.30854441260744947,-0.6804297994269337,-0.8168338108882522,0.,12.011,0.339967,0.359824
593,"C593","CA",0.42854441260744913,-0.6074297994269338,-0.5708338108882522,0.,12.011,0.339967,0.359824
594,"C594","CA",-0.7014555873925508,0.20457020057306652,-0.8178338108882524,0.,12.011,0.339967,0.359824
595,"C595","CA",0.4815444126074495,0.5735702005730663,0.7811661891117478,0.,12.011,0.339967,0.359824
596,"C596","CA",0.30254441260744924,0.6885702005730665,0.6571661891117477,0.,12.011,0.339967,0.359824
597,"C597","CA",0.10654441260744951,-0.7484297994269338,-0.6948338108882524,0.,12.011,0.339967,0.359824
598,"C598","CA",0.4775444126074495,0.5685702005730664,0.04216618911174774,0.,12.011,0.339967,0.359824
599,"C599","CA",-0.10445558739255079,-0.7474297994269337,-1.3098338108882523,0.,12.011,0.339967,0.359824
600,"C600","CA",-0.6234555873925507,0.39757020057306613,-1.4328338108882523,0.,12.011,0.339967,0.359824
601,"C601","CA",-0.7094555873925508,-0.21542979942693385,-1.5558338108882523,0.,12.011,0.339967,0.359824
602,"C602","CA",0.10654441260744951,-0.7454297994269337,-0.9408338108882522,0.,12.011,0.339967,0.359824
603,"C603","CA",0.5265444126074494,0.5175702005730662,0.16616618911174763,0.,12.011,0.339967,0.359824
604,"C604","CA",-0.17445558739255063,-0.7334297994269336,-1.4328338108882523,0.,12.011,0.339967,0.359824
605,"C605","CA",-0.30945558739255064,-0.6924297994269337,-0.6948338108882524,0.,12.011,0.339967,0.359824
606,"C606","CA",0.6485444126074493,0.3465702005730664,0.7811661891117478,0.,12.011,0.339967,0.359824
607,"C607","CA",0.3625444126074493,0.6505702005730662,0.2881661891117475,0.,12.011,0.339967,0.359824
608,"C608","CA",0.2415444126074493,-0.7064297994269337,-0.6948338108882524,0.,12.011,0.339967,0.359824
609,"C609","CA",-0.7014555873925508,-0.21542979942693385,-0.8168338108882522,0.,12.011,0.339967,0.359824
610,"C610","CA",-0.3694555873925507,-0.6524297994269337,-1.5558338108882523,0.,12.011,0.339967,0.359824
611,"C611","CA",-0.7424555873925507,-0.005429799426933446,-1.4328338108882523,0.,12.011,0.339967,0.359824
612,"C612","CA",-0.5354555873925506,-0.5254297994269337,-0.6938338108882522,0.,12.011,0.339967,0.359824
613,"C613","CA",0.6175444126074492,0.40957020057306615,0.6581661891117476,0.,12.011,0.339967,0.359824
614,"C614","CA",0.3645444126074495,0.6535702005730664,0.5341661891117475,0.,12.011,0.339967,0.359824
615,"C615","CA",-0.6524555873925506,-0.34542979942693375,-1.5558338108882523,0.,12.011,0.339967,0.359824
616,"C616","CA",-0.4864555873925507,-0.5724297994269336,-1.5558338108882523,0.,12.011,0.339967,0.359824
617,"C617","CA",0.03554441260744934,-0.7514297994269337,-0.8178338108882524,0.,12.011,0.339967,0.359824
618,"C618","CA",-0.5824555873925508,0.4555702005730664,-1.3108338108882522,0.,12.011,0.339967,0.359824
619,"C619","CA",0.4795444126074493,0.5715702005730665,0.2881661891117475,0.,12.011,0.339967,0.359824
620,"C620","CA",0.5295444126074491,0.5205702005730664,0.6581661891117476,0.,12.011,0.339967,0.359824
621,"C621","CA",0.5285444126074492,0.5195702005730665,0.4121661891117476,0.,12.011,0.339967,0.359824
622,"C622","CA",-0.6514555873925507,-0.34842979942693364,-0.8168338108882522,0.,12.011,0.339967,0.359824
623,"C623","CA",-0.6224555873925506,0.40057020057306625,-0.9408338108882522,0.,12.011,0.339967,0.359824
624,"C624","CA",-0.10545558739255068,-0.7504297994269338,-0.8178338108882524,0.,12.011,0.339967,0.359824
625,"C625","CA",-0.5834555873925507,0.4585702005730665,-1.0648338108882522,0.,12.011,0.339967,0.359824
626,"C626","CA",0.4815444126074495,0.5735702005730663,0.5341661891117475,0.,12.011,0.339967,0.359824
627,"C627","CA",-0.30945558739255064,-0.6914297994269336,-1.4328338108882523,0.,12.011,0.339967,0.359824
628,"C628","CA",-0.7234555873925508,-0.14642979942693346,-1.4328338108882523,0.,12.011,0.339967,0.359824
629,"C629","CA",-0.6844555873925506,0.27257020057306613,-0.9408338108882522,0.,12.011,0.339967,0.359824
630,"C630","CA",-0.10545558739255068,-0.7474297994269337,-1.0638338108882524,0.,12.011,0.339967,0.359824
631,"C631","CA",-0.7354555873925508,-0.005429799426933446,-0.9398338108882522,0.,12.011,0.339967,0.359824
632,"C632","CA",-0.7124555873925507,0.20457020057306652,-1.3098338108882523,0.,12.011,0.339967,0.359824
633,"C633","CA",-0.17445558739255063,-0.7324297994269338,-1.1868338108882521,0.,12.011,0.339967,0.359824
634,"C634","CA",-0.6224555873925506,0.39857020057306647,-1.1868338108882521,0.,12.011,0.339967,0.359824
635,"C635","CA",-0.7174555873925508,-0.14642979942693346,-0.9398338108882522,0.,12.011,0.339967,0.359824
636,"C636","CA",-0.3724555873925506,-0.6584297994269337,-0.8178338108882524,0.,12.011,0.339967,0.359824
637,"C637","CA",-0.7364555873925507,0.0645702005730664,-1.3088338108882522,0.,12.011,0.339967,0.359824
638,"C638","CA",-0.4894555873925508,-0.5784297994269336,-0.8178338108882524,0.,12.011,0.339967,0.359824
639,"C639","CA",-0.17445558739255063,-0.7324297994269338,-0.9408338108882522,0.,12.011,0.339967,0.359824
640,"C640","CA",-0.6844555873925506,0.27057020057306636,-1.1868338108882521,0.,12.011,0.339967,0.359824
641,"C641","CA",-0.5344555873925507,-0.5214297994269337,-1.4328338108882523,0.,12.011,0.339967,0.359824
642,"C642","CA",-0.6224555873925506,-0.4094297994269336,-1.4328338108882523,0.,12.011,0.339967,0.359824
643,"C643","CA",-0.7084555873925507,0.20457020057306652,-1.0628338108882522,0.,12.011,0.339967,0.359824
644,"C644","CA",-0.7304555873925507,0.0645702005730664,-1.0628338108882522,0.,12.011,0.339967,0.359824
645,"C645","CA",-0.3704555873925506,-0.6554297994269336,-1.3098338108882523,0.,12.011,0.339967,0.359824
646,"C646","CA",-0.31045558739255075,-0.6914297994269336,-0.9408338108882522,0.,12.011,0.339967,0.359824
647,"C647","CA",-0.6234555873925507,-0.4124297994269337,-0.9408338108882522,0.,12.011,0.339967,0.359824
648,"C648","CA",-0.7094555873925508,-0.21642979942693374,-1.3098338108882523,0.,12.011,0.339967,0.359824
649,"C649","CA",-0.31045558739255075,-0.6914297994269336,-1.1868338108882521,0.,12.011,0.339967,0.359824
650,"C650","CA",-0.7394555873925508,-0.005429799426933446,-1.1858338108882522,0.,12.011,0.339967,0.359824
651,"C651","CA",-0.7054555873925508,-0.21542979942693385,-1.0628338108882522,0.,12.011,0.339967,0.359824
652,"C652","CA",-0.5364555873925507,-0.5254297994269337,-0.9408338108882522,0.,12.011,0.339967,0.359824
653,"C653","CA",-0.4884555873925507,-0.5754297994269337,-1.3098338108882523,0.,12.011,0.339967,0.359824
654,"C654","CA",-0.7234555873925508,-0.14642979942693346,-1.1858338108882522,0.,12.011,0.339967,0.359824
655,"C655","CA",-0.6564555873925506,-0.34742979942693375,-1.3098338108882523,0.,12.011,0.339967,0.359824
656,"C656","CA",-0.3714555873925507,-0.6564297994269337,-1.0638338108882524,0.,12.011,0.339967,0.359824
657,"C657","CA",-0.6544555873925506,-0.34842979942693364,-1.0638338108882524,0.,12.011,0.339967,0.359824
658,"C658","CA",-0.4884555873925507,-0.5764297994269336,-1.0638338108882524,0.,12.011,0.339967,0.359824
659,"C659","CA",-0.6234555873925507,-0.4114297994269336,-1.1868338108882521,0.,12.011,0.339967,0.359824
660,"C660","CA",-0.5364555873925507,-0.5234297994269337,-1.1868338108882521,0.,12.011,0.339967,0.359824
661,"O1","OA",-0.4004555873925506,0.8365702005730662,0.29316618911174785,-0.588,15.999,0.306647,0.880314
662,"O2","OA",-0.7654555873925506,0.4845702005730663,0.2801661891117475,-0.588,15.999,0.306647,0.880314
663,"O3","OA",-0.8914555873925507,-0.00642979942693378,-0.20783381088825226,-0.588,15.999,0.306647,0.880314
664,"O4","OA",-0.8624555873925508,-0.25742979942693367,0.17216618911174786,-0.588,15.999,0.306647,0.880314
665,"O5","OA",0.3735444126074494,0.8485702005730662,-1.7998338108882523,-0.588,15.999,0.306647,0.880314
666,"O6","OA",0.5995444126074494,-0.6904297994269337,1.0271661891117478,-0.588,15.999,0.306647,0.880314
667,"O7","OA",-0.4024555873925506,0.8325702005730662,-0.21283381088825237,-0.588,15.999,0.306647,0.880314
668,"O8","OA",0.1465444126074491,-0.9174297994269336,0.7791661891117476,-0.588,15.999,0.306647,0.880314
669,"O9","OA",0.38054441260744953,0.8485702005730662,1.3941661891117478,-0.588,15.999,0.306647,0.880314
670,"O10","OA",0.13554441260744943,-0.9164297994269337,1.5311661891117478,-0.588,15.999,0.306647,0.880314
671,"O11","OA",0.11054441260744952,0.9195702005730664,-1.1948338108882521,-0.588,15.999,0.306647,0.880314
672,"O12","OA",0.8585444126074493,0.25857020057306634,1.764166189111748,-0.588,15.999,0.306647,0.880314
673,"O13","OA",0.7465444126074492,0.5085702005730663,-1.0608338108882522,-0.588,15.999,0.306647,0.880314
674,"O14","OA",-0.5944555873925508,-0.6974297994269336,1.3961661891117476,-0.588,15.999,0.306647,0.880314
675,"O15","OA",0.8665444126074493,-0.24942979942693366,0.29516618911174763,-0.588,15.999,0.306647,0.880314
676,"O16","OA",0.8985444126074493,0.009570200573066234,-0.32383381088825236,-0.588,15.999,0.306647,0.880314
677,"O17","OA",-0.1164555873925508,-0.9224297994269337,-0.07783381088825236,-0.588,15.999,0.306647,0.880314
678,"O18","OA",0.6035444126074494,-0.6964297994269337,-1.4388338108882524,-0.588,15.999,0.306647,0.880314
679,"O19","OA",-0.8754555873925507,0.24257020057306633,1.639166189111748,-0.588,15.999,0.306647,0.880314
680,"H1","HA",-0.3504555873925508,0.9055702005730661,0.2411661891117478,0.588,1.008,0.,0.
681,"H2","HA",-0.8304555873925508,0.4475702005730664,0.3471661891117477,0.588,1.008,0.,0.
682,"H3","HA",-0.9274555873925507,-0.07642979942693362,-0.14683381088825231,0.588,1.008,0.,0.
683,"H4","HA",-0.9124555873925506,-0.1944297994269335,0.2291661891117478,0.588,1.008,0.,0.
684,"H5","HA",0.42254441260744935,0.8605702005730662,1.8071661891117476,0.588,1.008,0.,0.
685,"H6","HA",0.5605444126074492,-0.7764297994269336,0.9971661891117476,0.588,1.008,0.,0.
686,"H7","HA",-0.4984555873925507,0.8115702005730663,-0.2308338108882524,0.588,1.008,0.,0.
687,"H8","HA",0.2375444126074493,-0.9274297994269336,0.7421661891117477,0.588,1.008,0.,0.
688,"H9","HA",0.47254441260744917,0.8415702005730665,1.4321661891117476,0.588,1.008,0.,0.
689,"H10","HA",0.15754441260744922,-0.9564297994269337,1.4441661891117477,0.588,1.008,0.,0.
690,"H11","HA",0.021544412607449104,0.9565702005730663,-1.2178338108882523,0.588,1.008,0.,0.
691,"H12","HA",0.8815444126074494,0.3155702005730663,1.6871661891117475,0.588,1.008,0.,0.
692,"H13","HA",0.7195444126074495,0.5915702005730665,-1.0188338108882524,0.588,1.008,0.,0.
693,"H14","HA",-0.5514555873925506,-0.7824297994269336,1.4221661891117479,0.588,1.008,0.,0.
694,"H15","HA",0.9235444126074492,-0.1694297994269336,0.27316618911174784,0.588,1.008,0.,0.
695,"H16","HA",0.9285444126074491,0.10457020057306643,-0.33083381088825226,0.588,1.008,0.,0.
696,"H17","HA",-0.08645558739255055,-0.9514297994269336,0.009166189111747824,0.588,1.008,0.,0.
697,"H18","HA",0.6795444126074495,-0.6754297994269336,-1.3788338108882523,0.588,1.008,0.,0.
698,"H19","HA",-0.9104555873925506,0.2525702005730661,1.5481661891117477,0.588,1.008,0.,0.
