AtomID,AtomName,AtomType,x[nm],y[nm],z[nm],charge[e],mass[AMU],sigma,epsilon
1,C,CZ,-0.522597356,0.676055689,-0.722,0,12.011,0.339967,0.359824
2,C,CZ,-0.249597356,0.674055689,-0.711,0,12.011,0.339967,0.359824
3,C,CZ,-0.102597356,0.676055689,-0.717,0,12.011,0.339967,0.359824
4,C,CZ,0.188402644,0.680055689,-0.722,0,12.011,0.339967,0.359824
5,C,CZ,0.332402644,0.679055689,-0.727,0,12.011,0.339967,0.359824
6,C,CZ,0.613402644,0.670055689,-0.737,0,12.011,0.339967,0.359824
7,C,CZ,0.757402644,0.669055689,-0.734,0,12.011,0.339967,0.359824
8,C,CZ,1.040402644,0.671055689,-0.72,0,12.011,0.339967,0.359824
9,C,CZ,1.185402644,0.676055689,-0.714,0,12.011,0.339967,0.359824
10,C,CZ,1.473402644,0.672055689,-0.717,0,12.011,0.339967,0.359824
11,C,CZ,1.615402644,0.671055689,-0.718,0,12.011,0.339967,0.359824
12,C,CZ,-1.524597356,0.668055689,-0.703,0,12.011,0.339967,0.359824
13,C,CZ,-1.380597356,0.674055689,-0.712,0,12.011,0.339967,0.359824
14,C,CZ,-1.089597356,0.676055689,-0.728,0,12.011,0.339967,0.359824
15,C,CZ,-0.945597356,0.672055689,-0.736,0,12.011,0.339967,0.359824
16,C,CZ,-0.660597356,0.676055689,-0.726,0,12.011,0.339967,0.359824
17,C,CZ,-0.454597356,0.548055689,-0.713,0,12.011,0.339967,0.359824
18,C,CZ,-0.316597356,0.545055689,-0.712,0,12.011,0.339967,0.359824
19,C,CZ,-0.028597356,0.553055689,-0.709,0,12.011,0.339967,0.359824
20,C,CZ,0.111402644,0.554055689,-0.723,0,12.011,0.339967,0.359824
21,C,CZ,0.401402644,0.557055689,-0.725,0,12.011,0.339967,0.359824
22,C,CZ,0.542402644,0.549055689,-0.731,0,12.011,0.339967,0.359824
23,C,CZ,0.828402644,0.548055689,-0.733,0,12.011,0.339967,0.359824
24,C,CZ,0.970402644,0.548055689,-0.728,0,12.011,0.339967,0.359824
25,C,CZ,1.256402644,0.549055689,-0.721,0,12.011,0.339967,0.359824
26,C,CZ,1.400402644,0.549055689,-0.718,0,12.011,0.339967,0.359824
27,C,CZ,1.682402644,0.549055689,-0.709,0,12.011,0.339967,0.359824
28,C,CZ,-1.598597356,0.547055689,-0.692,0,12.011,0.339967,0.359824
29,C,CZ,-1.303597356,0.551055689,-0.707,0,12.011,0.339967,0.359824
30,C,CZ,-1.159597356,0.552055689,-0.719,0,12.011,0.339967,0.359824
31,C,CZ,-0.874597356,0.549055689,-0.73,0,12.011,0.339967,0.359824
32,C,CZ,-0.732597356,0.553055689,-0.723,0,12.011,0.339967,0.359824
33,C,CZ,-0.523597356,0.427055689,-0.718,0,12.011,0.339967,0.359824
34,C,CZ,-0.237597356,0.425055689,-0.712,0,12.011,0.339967,0.359824
35,C,CZ,-0.097597356,0.427055689,-0.71,0,12.011,0.339967,0.359824
36,C,CZ,0.184402644,0.428055689,-0.715,0,12.011,0.339967,0.359824
37,C,CZ,0.333402644,0.432055689,-0.724,0,12.011,0.339967,0.359824
38,C,CZ,0.616402644,0.429055689,-0.734,0,12.011,0.339967,0.359824
39,C,CZ,0.762402644,0.426055689,-0.736,0,12.011,0.339967,0.359824
40,C,CZ,1.044402644,0.426055689,-0.739,0,12.011,0.339967,0.359824
41,C,CZ,1.186402644,0.428055689,-0.731,0,12.011,0.339967,0.359824
42,C,CZ,1.474402644,0.426055689,-0.717,0,12.011,0.339967,0.359824
43,C,CZ,1.616402644,0.429055689,-0.706,0,12.011,0.339967,0.359824
44,C,CZ,-1.523597356,0.424055689,-0.695,0,12.011,0.339967,0.359824
45,C,CZ,-1.381597356,0.427055689,-0.695,0,12.011,0.339967,0.359824
46,C,CZ,-1.089597356,0.431055689,-0.711,0,12.011,0.339967,0.359824
47,C,CZ,-0.949597356,0.426055689,-0.716,0,12.011,0.339967,0.359824
48,C,CZ,-0.664597356,0.425055689,-0.72,0,12.011,0.339967,0.359824
49,C,CZ,-0.453597356,0.302055689,-0.72,0,12.011,0.339967,0.359824
50,C,CZ,-0.310597356,0.303055689,-0.719,0,12.011,0.339967,0.359824
51,C,CZ,-0.022597356,0.304055689,-0.705,0,12.011,0.339967,0.359824
52,C,CZ,0.117402644,0.307055689,-0.711,0,12.011,0.339967,0.359824
53,C,CZ,0.405402644,0.306055689,-0.723,0,12.011,0.339967,0.359824
54,C,CZ,0.548402644,0.301055689,-0.73,0,12.011,0.339967,0.359824
55,C,CZ,0.832402644,0.299055689,-0.736,0,12.011,0.339967,0.359824
56,C,CZ,0.972402644,0.305055689,-0.735,0,12.011,0.339967,0.359824
57,C,CZ,1.258402644,0.303055689,-0.735,0,12.011,0.339967,0.359824
58,C,CZ,1.403402644,0.299055689,-0.724,0,12.011,0.339967,0.359824
59,C,CZ,1.688402644,0.303055689,-0.7,0,12.011,0.339967,0.359824
60,C,CZ,-1.591597356,0.304055689,-0.697,0,12.011,0.339967,0.359824
61,C,CZ,-1.307597356,0.308055689,-0.694,0,12.011,0.339967,0.359824
62,C,CZ,-1.162597356,0.305055689,-0.697,0,12.011,0.339967,0.359824
63,C,CZ,-0.879597356,0.303055689,-0.714,0,12.011,0.339967,0.359824
64,C,CZ,-0.740597356,0.303055689,-0.723,0,12.011,0.339967,0.359824
65,C,CZ,-0.528597356,0.180055689,-0.719,0,12.011,0.339967,0.359824
66,C,CZ,-0.236597356,0.180055689,-0.719,0,12.011,0.339967,0.359824
67,C,CZ,-0.093597356,0.179055689,-0.716,0,12.011,0.339967,0.359824
68,C,CZ,0.189402644,0.182055689,-0.717,0,12.011,0.339967,0.359824
69,C,CZ,0.330402644,0.182055689,-0.721,0,12.011,0.339967,0.359824
70,C,CZ,0.619402644,0.178055689,-0.728,0,12.011,0.339967,0.359824
71,C,CZ,0.764402644,0.180055689,-0.738,0,12.011,0.339967,0.359824
72,C,CZ,1.042402644,0.179055689,-0.73,0,12.011,0.339967,0.359824
73,C,CZ,1.183402644,0.179055689,-0.722,0,12.011,0.339967,0.359824
74,C,CZ,1.473402644,0.180055689,-0.712,0,12.011,0.339967,0.359824
75,C,CZ,1.617402644,0.181055689,-0.7,0,12.011,0.339967,0.359824
76,C,CZ,-1.520597356,0.184055689,-0.693,0,12.011,0.339967,0.359824
77,C,CZ,-1.378597356,0.183055689,-0.694,0,12.011,0.339967,0.359824
78,C,CZ,-1.095597356,0.177055689,-0.706,0,12.011,0.339967,0.359824
79,C,CZ,-0.952597356,0.177055689,-0.712,0,12.011,0.339967,0.359824
80,C,CZ,-0.667597356,0.180055689,-0.712,0,12.011,0.339967,0.359824
81,C,CZ,-0.455597356,0.059055689,-0.71,0,12.011,0.339967,0.359824
82,C,CZ,-0.311597356,0.057055689,-0.72,0,12.011,0.339967,0.359824
83,C,CZ,-0.020597356,0.057055689,-0.721,0,12.011,0.339967,0.359824
84,C,CZ,0.120402644,0.058055689,-0.721,0,12.011,0.339967,0.359824
85,C,CZ,0.402402644,0.060055689,-0.723,0,12.011,0.339967,0.359824
86,C,CZ,0.544402644,0.054055689,-0.736,0,12.011,0.339967,0.359824
87,C,CZ,0.832402644,0.052055689,-0.731,0,12.011,0.339967,0.359824
88,C,CZ,0.976402644,0.055055689,-0.726,0,12.011,0.339967,0.359824
89,C,CZ,1.264402644,0.059055689,-0.715,0,12.011,0.339967,0.359824
90,C,CZ,1.406402644,0.059055689,-0.714,0,12.011,0.339967,0.359824
91,C,CZ,1.690402644,0.061055689,-0.696,0,12.011,0.339967,0.359824
92,C,CZ,-1.587597356,0.061055689,-0.698,0,12.011,0.339967,0.359824
93,C,CZ,-1.308597356,0.055055689,-0.69,0,12.011,0.339967,0.359824
94,C,CZ,-1.166597356,0.054055689,-0.701,0,12.011,0.339967,0.359824
95,C,CZ,-0.881597356,0.053055689,-0.706,0,12.011,0.339967,0.359824
96,C,CZ,-0.739597356,0.058055689,-0.707,0,12.011,0.339967,0.359824
97,C,CZ,-0.519597356,-0.066944311,-0.709,0,12.011,0.339967,0.359824
98,C,CZ,-0.237597356,-0.062944311,-0.716,0,12.011,0.339967,0.359824
99,C,CZ,-0.095597356,-0.062944311,-0.722,0,12.011,0.339967,0.359824
100,C,CZ,0.191402644,-0.069944311,-0.73,0,12.011,0.339967,0.359824
101,C,CZ,0.335402644,-0.065944311,-0.722,0,12.011,0.339967,0.359824
102,C,CZ,0.614402644,-0.071944311,-0.729,0,12.011,0.339967,0.359824
103,C,CZ,0.757402644,-0.068944311,-0.732,0,12.011,0.339967,0.359824
104,C,CZ,1.050402644,-0.066944311,-0.718,0,12.011,0.339967,0.359824
105,C,CZ,1.189402644,-0.062944311,-0.708,0,12.011,0.339967,0.359824
106,C,CZ,1.476402644,-0.067944311,-0.709,0,12.011,0.339967,0.359824
107,C,CZ,1.621402644,-0.065944311,-0.691,0,12.011,0.339967,0.359824
108,C,CZ,-1.518597356,-0.063944311,-0.687,0,12.011,0.339967,0.359824
109,C,CZ,-1.375597356,-0.069944311,-0.692,0,12.011,0.339967,0.359824
110,C,CZ,-1.093597356,-0.070944311,-0.701,0,12.011,0.339967,0.359824
111,C,CZ,-0.948597356,-0.070944311,-0.705,0,12.011,0.339967,0.359824
112,C,CZ,-0.663597356,-0.067944311,-0.706,0,12.011,0.339967,0.359824
113,C,CZ,-0.447597356,-0.191944311,-0.717,0,12.011,0.339967,0.359824
114,C,CZ,-0.306597356,-0.189944311,-0.71,0,12.011,0.339967,0.359824
115,C,CZ,-0.024597356,-0.188944311,-0.721,0,12.011,0.339967,0.359824
116,C,CZ,0.116402644,-0.193944311,-0.726,0,12.011,0.339967,0.359824
117,C,CZ,0.405402644,-0.192944311,-0.722,0,12.011,0.339967,0.359824
118,C,CZ,0.547402644,-0.195944311,-0.73,0,12.011,0.339967,0.359824
119,C,CZ,0.828402644,-0.192944311,-0.719,0,12.011,0.339967,0.359824
120,C,CZ,0.976402644,-0.190944311,-0.711,0,12.011,0.339967,0.359824
121,C,CZ,1.259402644,-0.185944311,-0.702,0,12.011,0.339967,0.359824
122,C,CZ,1.403402644,-0.186944311,-0.702,0,12.011,0.339967,0.359824
123,C,CZ,1.689402644,-0.192944311,-0.686,0,12.011,0.339967,0.359824
124,C,CZ,-1.591597356,-0.186944311,-0.685,0,12.011,0.339967,0.359824
125,C,CZ,-1.305597356,-0.194944311,-0.69,0,12.011,0.339967,0.359824
126,C,CZ,-1.165597356,-0.191944311,-0.698,0,12.011,0.339967,0.359824
127,C,CZ,-0.877597356,-0.193944311,-0.699,0,12.011,0.339967,0.359824
128,C,CZ,-0.731597356,-0.191944311,-0.698,0,12.011,0.339967,0.359824
129,C,CZ,-0.517597356,-0.314944311,-0.717,0,12.011,0.339967,0.359824
130,C,CZ,-0.234597356,-0.312944311,-0.713,0,12.011,0.339967,0.359824
131,C,CZ,-0.095597356,-0.314944311,-0.725,0,12.011,0.339967,0.359824
132,C,CZ,0.184402644,-0.318944311,-0.73,0,12.011,0.339967,0.359824
133,C,CZ,0.333402644,-0.317944311,-0.724,0,12.011,0.339967,0.359824
134,C,CZ,0.612402644,-0.319944311,-0.72,0,12.011,0.339967,0.359824
135,C,CZ,0.759402644,-0.315944311,-0.713,0,12.011,0.339967,0.359824
136,C,CZ,1.044402644,-0.311944311,-0.707,0,12.011,0.339967,0.359824
137,C,CZ,1.189402644,-0.308944311,-0.702,0,12.011,0.339967,0.359824
138,C,CZ,1.476402644,-0.310944311,-0.699,0,12.011,0.339967,0.359824
139,C,CZ,1.617402644,-0.308944311,-0.694,0,12.011,0.339967,0.359824
140,C,CZ,-1.522597356,-0.313944311,-0.688,0,12.011,0.339967,0.359824
141,C,CZ,-1.375597356,-0.314944311,-0.683,0,12.011,0.339967,0.359824
142,C,CZ,-1.096597356,-0.318944311,-0.704,0,12.011,0.339967,0.359824
143,C,CZ,-0.947597356,-0.317944311,-0.709,0,12.011,0.339967,0.359824
144,C,CZ,-0.662597356,-0.313944311,-0.703,0,12.011,0.339967,0.359824
145,C,CZ,-0.444597356,-0.441944311,-0.716,0,12.011,0.339967,0.359824
146,C,CZ,-0.303597356,-0.440944311,-0.719,0,12.011,0.339967,0.359824
147,C,CZ,-0.026597356,-0.439944311,-0.722,0,12.011,0.339967,0.359824
148,C,CZ,0.113402644,-0.441944311,-0.722,0,12.011,0.339967,0.359824
149,C,CZ,0.399402644,-0.446944311,-0.726,0,12.011,0.339967,0.359824
150,C,CZ,0.542402644,-0.446944311,-0.725,0,12.011,0.339967,0.359824
151,C,CZ,0.834402644,-0.435944311,-0.724,0,12.011,0.339967,0.359824
152,C,CZ,0.973402644,-0.435944311,-0.714,0,12.011,0.339967,0.359824
153,C,CZ,1.262402644,-0.430944311,-0.696,0,12.011,0.339967,0.359824
154,C,CZ,1.405402644,-0.432944311,-0.693,0,12.011,0.339967,0.359824
155,C,CZ,1.689402644,-0.432944311,-0.689,0,12.011,0.339967,0.359824
156,C,CZ,-1.593597356,-0.434944311,-0.682,0,12.011,0.339967,0.359824
157,C,CZ,-1.307597356,-0.439944311,-0.686,0,12.011,0.339967,0.359824
158,C,CZ,-1.167597356,-0.441944311,-0.699,0,12.011,0.339967,0.359824
159,C,CZ,-0.875597356,-0.442944311,-0.704,0,12.011,0.339967,0.359824
160,C,CZ,-0.733597356,-0.439944311,-0.709,0,12.011,0.339967,0.359824
161,C,CZ,-0.515597356,-0.559944311,-0.718,0,12.011,0.339967,0.359824
162,C,CZ,-0.239597356,-0.561944311,-0.726,0,12.011,0.339967,0.359824
163,C,CZ,-0.096597356,-0.563944311,-0.722,0,12.011,0.339967,0.359824
164,C,CZ,0.188402644,-0.567944311,-0.724,0,12.011,0.339967,0.359824
165,C,CZ,0.329402644,-0.570944311,-0.729,0,12.011,0.339967,0.359824
166,C,CZ,0.618402644,-0.564944311,-0.735,0,12.011,0.339967,0.359824
167,C,CZ,0.761402644,-0.559944311,-0.729,0,12.011,0.339967,0.359824
168,C,CZ,1.046402644,-0.558944311,-0.71,0,12.011,0.339967,0.359824
169,C,CZ,1.189402644,-0.555944311,-0.703,0,12.011,0.339967,0.359824
170,C,CZ,1.475402644,-0.557944311,-0.691,0,12.011,0.339967,0.359824
171,C,CZ,1.617402644,-0.553944311,-0.689,0,12.011,0.339967,0.359824
172,C,CZ,-1.527597356,-0.558944311,-0.675,0,12.011,0.339967,0.359824
173,C,CZ,-1.383597356,-0.561944311,-0.679,0,12.011,0.339967,0.359824
174,C,CZ,-1.094597356,-0.565944311,-0.698,0,12.011,0.339967,0.359824
175,C,CZ,-0.949597356,-0.569944311,-0.705,0,12.011,0.339967,0.359824
176,C,CZ,-0.657597356,-0.559944311,-0.716,0,12.011,0.339967,0.359824
177,C,CZ,-0.450597356,-0.686944311,-0.72,0,12.011,0.339967,0.359824
178,C,CZ,-0.308597356,-0.692944311,-0.733,0,12.011,0.339967,0.359824
179,C,CZ,-0.025597356,-0.686944311,-0.722,0,12.011,0.339967,0.359824
180,C,CZ,0.119402644,-0.690944311,-0.727,0,12.011,0.339967,0.359824
181,C,CZ,0.404402644,-0.691944311,-0.745,0,12.011,0.339967,0.359824
182,C,CZ,0.551402644,-0.688944311,-0.738,0,12.011,0.339967,0.359824
183,C,CZ,0.836402644,-0.684944311,-0.724,0,12.011,0.339967,0.359824
184,C,CZ,0.977402644,-0.684944311,-0.715,0,12.011,0.339967,0.359824
185,C,CZ,1.260402644,-0.677944311,-0.709,0,12.011,0.339967,0.359824
186,C,CZ,1.403402644,-0.682944311,-0.705,0,12.011,0.339967,0.359824
187,C,CZ,1.688402644,-0.676944311,-0.69,0,12.011,0.339967,0.359824
188,C,CZ,-1.595597356,-0.681944311,-0.684,0,12.011,0.339967,0.359824
189,C,CZ,-1.307597356,-0.685944311,-0.69,0,12.011,0.339967,0.359824
190,C,CZ,-1.161597356,-0.686944311,-0.69,0,12.011,0.339967,0.359824
191,C,CZ,-0.876597356,-0.689944311,-0.705,0,12.011,0.339967,0.359824
192,C,CZ,-0.730597356,-0.681944311,-0.707,0,12.011,0.339967,0.359824
193,C,CZ,-0.524597356,-0.803944311,-0.729,0,12.011,0.339967,0.359824
194,C,CZ,-0.233597356,-0.809944311,-0.719,0,12.011,0.339967,0.359824
195,C,CZ,-0.093597356,-0.806944311,-0.722,0,12.011,0.339967,0.359824
196,C,CZ,0.193402644,-0.813944311,-0.736,0,12.011,0.339967,0.359824
197,C,CZ,0.335402644,-0.814944311,-0.743,0,12.011,0.339967,0.359824
198,C,CZ,0.623402644,-0.808944311,-0.741,0,12.011,0.339967,0.359824
199,C,CZ,0.767402644,-0.809944311,-0.741,0,12.011,0.339967,0.359824
200,C,CZ,1.049402644,-0.805944311,-0.725,0,12.011,0.339967,0.359824
201,C,CZ,1.192402644,-0.802944311,-0.717,0,12.011,0.339967,0.359824
202,C,CZ,1.475402644,-0.803944311,-0.713,0,12.011,0.339967,0.359824
203,C,CZ,1.617402644,-0.801944311,-0.698,0,12.011,0.339967,0.359824
204,C,CZ,-1.523597356,-0.804944311,-0.686,0,12.011,0.339967,0.359824
205,C,CZ,-1.378597356,-0.805944311,-0.689,0,12.011,0.339967,0.359824
206,C,CZ,-1.091597356,-0.810944311,-0.696,0,12.011,0.339967,0.359824
207,C,CZ,-0.950597356,-0.808944311,-0.707,0,12.011,0.339967,0.359824
208,C,CZ,-0.663597356,-0.805944311,-0.723,0,12.011,0.339967,0.359824
209,C,CZ,-0.450597356,-0.930944311,-0.732,0,12.011,0.339967,0.359824
210,C,CZ,-0.308597356,-0.931944311,-0.721,0,12.011,0.339967,0.359824
211,C,CZ,-0.024597356,-0.935944311,-0.722,0,12.011,0.339967,0.359824
212,C,CZ,0.122402644,-0.933944311,-0.732,0,12.011,0.339967,0.359824
213,C,CZ,0.409402644,-0.933944311,-0.747,0,12.011,0.339967,0.359824
214,C,CZ,0.550402644,-0.931944311,-0.75,0,12.011,0.339967,0.359824
215,C,CZ,0.841402644,-0.932944311,-0.739,0,12.011,0.339967,0.359824
216,C,CZ,0.980402644,-0.930944311,-0.738,0,12.011,0.339967,0.359824
217,C,CZ,1.262402644,-0.926944311,-0.729,0,12.011,0.339967,0.359824
218,C,CZ,1.404402644,-0.925944311,-0.723,0,12.011,0.339967,0.359824
219,C,CZ,1.690402644,-0.925944311,-0.695,0,12.011,0.339967,0.359824
220,C,CZ,-1.591597356,-0.928944311,-0.686,0,12.011,0.339967,0.359824
221,C,CZ,-1.309597356,-0.933944311,-0.69,0,12.011,0.339967,0.359824
222,C,CZ,-1.165597356,-0.934944311,-0.689,0,12.011,0.339967,0.359824
223,C,CZ,-0.876597356,-0.929944311,-0.708,0,12.011,0.339967,0.359824
224,C,CZ,-0.732597356,-0.930944311,-0.722,0,12.011,0.339967,0.359824
225,C,CZ,-0.519597356,-1.053944311,-0.724,0,12.011,0.339967,0.359824
226,C,CZ,-0.235597356,-1.056944311,-0.722,0,12.011,0.339967,0.359824
227,C,CZ,-0.092597356,-1.056944311,-0.721,0,12.011,0.339967,0.359824
228,C,CZ,0.186402644,-1.057944311,-0.731,0,12.011,0.339967,0.359824
229,C,CZ,0.332402644,-1.052944311,-0.73,0,12.011,0.339967,0.359824
230,C,CZ,0.626402644,-1.053944311,-0.751,0,12.011,0.339967,0.359824
231,C,CZ,0.769402644,-1.053944311,-0.748,0,12.011,0.339967,0.359824
232,C,CZ,1.055402644,-1.050944311,-0.749,0,12.011,0.339967,0.359824
233,C,CZ,1.194402644,-1.050944311,-0.733,0,12.011,0.339967,0.359824
234,C,CZ,1.476402644,-1.050944311,-0.717,0,12.011,0.339967,0.359824
235,C,CZ,1.619402644,-1.051944311,-0.703,0,12.011,0.339967,0.359824
236,C,CZ,-1.518597356,-1.055944311,-0.692,0,12.011,0.339967,0.359824
237,C,CZ,-1.379597356,-1.058944311,-0.69,0,12.011,0.339967,0.359824
238,C,CZ,-1.092597356,-1.058944311,-0.693,0,12.011,0.339967,0.359824
239,C,CZ,-0.952597356,-1.054944311,-0.697,0,12.011,0.339967,0.359824
240,C,CZ,-0.660597356,-1.050944311,-0.717,0,12.011,0.339967,0.359824
241,C,CZ,-0.448597356,-1.179944311,-0.718,0,12.011,0.339967,0.359824
242,C,CZ,-0.306597356,-1.181944311,-0.722,0,12.011,0.339967,0.359824
243,C,CZ,-0.019597356,-1.179944311,-0.717,0,12.011,0.339967,0.359824
244,C,CZ,0.118402644,-1.178944311,-0.719,0,12.011,0.339967,0.359824
245,C,CZ,0.404402644,-1.176944311,-0.726,0,12.011,0.339967,0.359824
246,C,CZ,0.551402644,-1.178944311,-0.737,0,12.011,0.339967,0.359824
247,C,CZ,0.840402644,-1.176944311,-0.746,0,12.011,0.339967,0.359824
248,C,CZ,0.985402644,-1.172944311,-0.755,0,12.011,0.339967,0.359824
249,C,CZ,1.267402644,-1.175944311,-0.743,0,12.011,0.339967,0.359824
250,C,CZ,1.410402644,-1.176944311,-0.732,0,12.011,0.339967,0.359824
251,C,CZ,1.692402644,-1.173944311,-0.703,0,12.011,0.339967,0.359824
252,C,CZ,-1.590597356,-1.175944311,-0.703,0,12.011,0.339967,0.359824
253,C,CZ,-1.306597356,-1.180944311,-0.691,0,12.011,0.339967,0.359824
254,C,CZ,-1.160597356,-1.183944311,-0.693,0,12.011,0.339967,0.359824
255,C,CZ,-0.877597356,-1.176944311,-0.711,0,12.011,0.339967,0.359824
256,C,CZ,-0.732597356,-1.174944311,-0.715,0,12.011,0.339967,0.359824
257,C,CZ,-0.519597356,-1.301944311,-0.723,0,12.011,0.339967,0.359824
258,C,CZ,-0.236597356,-1.306944311,-0.721,0,12.011,0.339967,0.359824
259,C,CZ,-0.092597356,-1.300944311,-0.718,0,12.011,0.339967,0.359824
260,C,CZ,0.187402644,-1.300944311,-0.722,0,12.011,0.339967,0.359824
261,C,CZ,0.330402644,-1.297944311,-0.726,0,12.011,0.339967,0.359824
262,C,CZ,0.620402644,-1.299944311,-0.743,0,12.011,0.339967,0.359824
263,C,CZ,0.763402644,-1.301944311,-0.743,0,12.011,0.339967,0.359824
264,C,CZ,1.049402644,-1.300944311,-0.759,0,12.011,0.339967,0.359824
265,C,CZ,1.190402644,-1.299944311,-0.752,0,12.011,0.339967,0.359824
266,C,CZ,1.478402644,-1.301944311,-0.725,0,12.011,0.339967,0.359824
267,C,CZ,1.620402644,-1.300944311,-0.71,0,12.011,0.339967,0.359824
268,C,CZ,-1.517597356,-1.297944311,-0.708,0,12.011,0.339967,0.359824
269,C,CZ,-1.375597356,-1.305944311,-0.698,0,12.011,0.339967,0.359824
270,C,CZ,-1.086597356,-1.304944311,-0.699,0,12.011,0.339967,0.359824
271,C,CZ,-0.946597356,-1.301944311,-0.703,0,12.011,0.339967,0.359824
272,C,CZ,-0.662597356,-1.299944311,-0.716,0,12.011,0.339967,0.359824
273,C,CZ,-0.449597356,-1.422944311,-0.723,0,12.011,0.339967,0.359824
274,C,CZ,-0.309597356,-1.423944311,-0.719,0,12.011,0.339967,0.359824
275,C,CZ,-0.026597356,-1.424944311,-0.722,0,12.011,0.339967,0.359824
276,C,CZ,0.118402644,-1.425944311,-0.714,0,12.011,0.339967,0.359824
277,C,CZ,0.400402644,-1.419944311,-0.723,0,12.011,0.339967,0.359824
278,C,CZ,0.546402644,-1.422944311,-0.735,0,12.011,0.339967,0.359824
279,C,CZ,0.833402644,-1.426944311,-0.746,0,12.011,0.339967,0.359824
280,C,CZ,0.977402644,-1.425944311,-0.755,0,12.011,0.339967,0.359824
281,C,CZ,1.257402644,-1.426944311,-0.742,0,12.011,0.339967,0.359824
282,C,CZ,1.403402644,-1.426944311,-0.73,0,12.011,0.339967,0.359824
283,C,CZ,1.691402644,-1.422944311,-0.709,0,12.011,0.339967,0.359824
284,C,CZ,-1.593597356,-1.425944311,-0.703,0,12.011,0.339967,0.359824
285,C,CZ,-1.302597356,-1.428944311,-0.694,0,12.011,0.339967,0.359824
286,C,CZ,-1.159597356,-1.428944311,-0.69,0,12.011,0.339967,0.359824
287,C,CZ,-0.877597356,-1.423944311,-0.711,0,12.011,0.339967,0.359824
288,C,CZ,-0.736597356,-1.423944311,-0.718,0,12.011,0.339967,0.359824
289,C,CZ,-0.525597356,-1.543944311,-0.724,0,12.011,0.339967,0.359824
290,C,CZ,-0.239597356,-1.546944311,-0.734,0,12.011,0.339967,0.359824
291,C,CZ,-0.098597356,-1.549944311,-0.723,0,12.011,0.339967,0.359824
292,C,CZ,0.189402644,-1.548944311,-0.719,0,12.011,0.339967,0.359824
293,C,CZ,0.332402644,-1.545944311,-0.722,0,12.011,0.339967,0.359824
294,C,CZ,0.614402644,-1.547944311,-0.731,0,12.011,0.339967,0.359824
295,C,CZ,0.759402644,-1.543944311,-0.728,0,12.011,0.339967,0.359824
296,C,CZ,1.046402644,-1.549944311,-0.757,0,12.011,0.339967,0.359824
297,C,CZ,1.188402644,-1.548944311,-0.75,0,12.011,0.339967,0.359824
298,C,CZ,1.476402644,-1.546944311,-0.715,0,12.011,0.339967,0.359824
299,C,CZ,1.620402644,-1.545944311,-0.704,0,12.011,0.339967,0.359824
300,C,CZ,-1.519597356,-1.548944311,-0.696,0,12.011,0.339967,0.359824
301,C,CZ,-1.375597356,-1.549944311,-0.693,0,12.011,0.339967,0.359824
302,C,CZ,-1.090597356,-1.554944311,-0.698,0,12.011,0.339967,0.359824
303,C,CZ,-0.948597356,-1.549944311,-0.702,0,12.011,0.339967,0.359824
304,C,CZ,-0.664597356,-1.544944311,-0.72,0,12.011,0.339967,0.359824
305,C,CZ,-0.455597356,1.540055689,-0.724,0,12.011,0.339967,0.359824
306,C,CZ,-0.313597356,1.543055689,-0.723,0,12.011,0.339967,0.359824
307,C,CZ,-0.024597356,1.542055689,-0.725,0,12.011,0.339967,0.359824
308,C,CZ,0.116402644,1.539055689,-0.717,0,12.011,0.339967,0.359824
309,C,CZ,0.405402644,1.541055689,-0.723,0,12.011,0.339967,0.359824
310,C,CZ,0.549402644,1.543055689,-0.728,0,12.011,0.339967,0.359824
311,C,CZ,0.832402644,1.544055689,-0.735,0,12.011,0.339967,0.359824
312,C,CZ,0.979402644,1.537055689,-0.744,0,12.011,0.339967,0.359824
313,C,CZ,1.261402644,1.542055689,-0.734,0,12.011,0.339967,0.359824
314,C,CZ,1.402402644,1.543055689,-0.726,0,12.011,0.339967,0.359824
315,C,CZ,1.694402644,1.541055689,-0.706,0,12.011,0.339967,0.359824
316,C,CZ,-1.585597356,1.539055689,-0.705,0,12.011,0.339967,0.359824
317,C,CZ,-1.306597356,1.536055689,-0.701,0,12.011,0.339967,0.359824
318,C,CZ,-1.165597356,1.535055689,-0.705,0,12.011,0.339967,0.359824
319,C,CZ,-0.879597356,1.542055689,-0.713,0,12.011,0.339967,0.359824
320,C,CZ,-0.739597356,1.544055689,-0.718,0,12.011,0.339967,0.359824
321,C,CZ,-0.527597356,1.416055689,-0.728,0,12.011,0.339967,0.359824
322,C,CZ,-0.237597356,1.417055689,-0.725,0,12.011,0.339967,0.359824
323,C,CZ,-0.094597356,1.418055689,-0.724,0,12.011,0.339967,0.359824
324,C,CZ,0.192402644,1.415055689,-0.72,0,12.011,0.339967,0.359824
325,C,CZ,0.332402644,1.416055689,-0.733,0,12.011,0.339967,0.359824
326,C,CZ,0.616402644,1.420055689,-0.732,0,12.011,0.339967,0.359824
327,C,CZ,0.761402644,1.421055689,-0.735,0,12.011,0.339967,0.359824
328,C,CZ,1.051402644,1.415055689,-0.728,0,12.011,0.339967,0.359824
329,C,CZ,1.194402644,1.415055689,-0.736,0,12.011,0.339967,0.359824
330,C,CZ,1.480402644,1.415055689,-0.709,0,12.011,0.339967,0.359824
331,C,CZ,1.622402644,1.416055689,-0.711,0,12.011,0.339967,0.359824
332,C,CZ,-1.521597356,1.414055689,-0.702,0,12.011,0.339967,0.359824
333,C,CZ,-1.378597356,1.411055689,-0.709,0,12.011,0.339967,0.359824
334,C,CZ,-1.096597356,1.411055689,-0.712,0,12.011,0.339967,0.359824
335,C,CZ,-0.950597356,1.417055689,-0.712,0,12.011,0.339967,0.359824
336,C,CZ,-0.668597356,1.418055689,-0.717,0,12.011,0.339967,0.359824
337,C,CZ,-0.453597356,1.293055689,-0.728,0,12.011,0.339967,0.359824
338,C,CZ,-0.308597356,1.291055689,-0.727,0,12.011,0.339967,0.359824
339,C,CZ,-0.023597356,1.292055689,-0.718,0,12.011,0.339967,0.359824
340,C,CZ,0.124402644,1.295055689,-0.724,0,12.011,0.339967,0.359824
341,C,CZ,0.405402644,1.291055689,-0.734,0,12.011,0.339967,0.359824
342,C,CZ,0.548402644,1.294055689,-0.733,0,12.011,0.339967,0.359824
343,C,CZ,0.832402644,1.293055689,-0.738,0,12.011,0.339967,0.359824
344,C,CZ,0.971402644,1.287055689,-0.73,0,12.011,0.339967,0.359824
345,C,CZ,1.268402644,1.293055689,-0.722,0,12.011,0.339967,0.359824
346,C,CZ,1.409402644,1.291055689,-0.71,0,12.011,0.339967,0.359824
347,C,CZ,1.689402644,1.289055689,-0.711,0,12.011,0.339967,0.359824
348,C,CZ,-1.591597356,1.291055689,-0.704,0,12.011,0.339967,0.359824
349,C,CZ,-1.308597356,1.286055689,-0.717,0,12.011,0.339967,0.359824
350,C,CZ,-1.162597356,1.285055689,-0.712,0,12.011,0.339967,0.359824
351,C,CZ,-0.877597356,1.293055689,-0.707,0,12.011,0.339967,0.359824
352,C,CZ,-0.737597356,1.292055689,-0.714,0,12.011,0.339967,0.359824
353,C,CZ,-0.526597356,1.168055689,-0.731,0,12.011,0.339967,0.359824
354,C,CZ,-0.240597356,1.164055689,-0.73,0,12.011,0.339967,0.359824
355,C,CZ,-0.094597356,1.166055689,-0.723,0,12.011,0.339967,0.359824
356,C,CZ,0.195402644,1.169055689,-0.72,0,12.011,0.339967,0.359824
357,C,CZ,0.338402644,1.169055689,-0.725,0,12.011,0.339967,0.359824
358,C,CZ,0.617402644,1.171055689,-0.736,0,12.011,0.339967,0.359824
359,C,CZ,0.757402644,1.172055689,-0.729,0,12.011,0.339967,0.359824
360,C,CZ,1.044402644,1.169055689,-0.713,0,12.011,0.339967,0.359824
361,C,CZ,1.188402644,1.170055689,-0.709,0,12.011,0.339967,0.359824
362,C,CZ,1.472402644,1.166055689,-0.704,0,12.011,0.339967,0.359824
363,C,CZ,1.614402644,1.165055689,-0.708,0,12.011,0.339967,0.359824
364,C,CZ,-1.523597356,1.166055689,-0.705,0,12.011,0.339967,0.359824
365,C,CZ,-1.381597356,1.163055689,-0.713,0,12.011,0.339967,0.359824
366,C,CZ,-1.089597356,1.166055689,-0.722,0,12.011,0.339967,0.359824
367,C,CZ,-0.949597356,1.168055689,-0.714,0,12.011,0.339967,0.359824
368,C,CZ,-0.665597356,1.169055689,-0.728,0,12.011,0.339967,0.359824
369,C,CZ,-0.454597356,1.044055689,-0.73,0,12.011,0.339967,0.359824
370,C,CZ,-0.311597356,1.043055689,-0.731,0,12.011,0.339967,0.359824
371,C,CZ,-0.021597356,1.041055689,-0.715,0,12.011,0.339967,0.359824
372,C,CZ,0.125402644,1.045055689,-0.721,0,12.011,0.339967,0.359824
373,C,CZ,0.407402644,1.042055689,-0.724,0,12.011,0.339967,0.359824
374,C,CZ,0.551402644,1.046055689,-0.73,0,12.011,0.339967,0.359824
375,C,CZ,0.829402644,1.042055689,-0.728,0,12.011,0.339967,0.359824
376,C,CZ,0.971402644,1.046055689,-0.718,0,12.011,0.339967,0.359824
377,C,CZ,1.255402644,1.044055689,-0.714,0,12.011,0.339967,0.359824
378,C,CZ,1.397402644,1.046055689,-0.712,0,12.011,0.339967,0.359824
379,C,CZ,1.684402644,1.042055689,-0.715,0,12.011,0.339967,0.359824
380,C,CZ,-1.598597356,1.041055689,-0.71,0,12.011,0.339967,0.359824
381,C,CZ,-1.304597356,1.042055689,-0.715,0,12.011,0.339967,0.359824
382,C,CZ,-1.159597356,1.040055689,-0.714,0,12.011,0.339967,0.359824
383,C,CZ,-0.879597356,1.041055689,-0.719,0,12.011,0.339967,0.359824
384,C,CZ,-0.736597356,1.043055689,-0.729,0,12.011,0.339967,0.359824
385,C,CZ,-0.524597356,0.919055689,-0.733,0,12.011,0.339967,0.359824
386,C,CZ,-0.240597356,0.916055689,-0.72,0,12.011,0.339967,0.359824
387,C,CZ,-0.097597356,0.918055689,-0.714,0,12.011,0.339967,0.359824
388,C,CZ,0.188402644,0.922055689,-0.718,0,12.011,0.339967,0.359824
389,C,CZ,0.333402644,0.920055689,-0.726,0,12.011,0.339967,0.359824
390,C,CZ,0.615402644,0.924055689,-0.726,0,12.011,0.339967,0.359824
391,C,CZ,0.753402644,0.920055689,-0.731,0,12.011,0.339967,0.359824
392,C,CZ,1.037402644,0.922055689,-0.712,0,12.011,0.339967,0.359824
393,C,CZ,1.180402644,0.924055689,-0.71,0,12.011,0.339967,0.359824
394,C,CZ,1.470402644,0.923055689,-0.717,0,12.011,0.339967,0.359824
395,C,CZ,1.615402644,0.918055689,-0.714,0,12.011,0.339967,0.359824
396,C,CZ,-1.526597356,0.916055689,-0.714,0,12.011,0.339967,0.359824
397,C,CZ,-1.379597356,0.919055689,-0.711,0,12.011,0.339967,0.359824
398,C,CZ,-1.091597356,0.916055689,-0.724,0,12.011,0.339967,0.359824
399,C,CZ,-0.950597356,0.915055689,-0.729,0,12.011,0.339967,0.359824
400,C,CZ,-0.667597356,0.918055689,-0.73,0,12.011,0.339967,0.359824
401,C,CZ,-0.454597356,0.798055689,-0.731,0,12.011,0.339967,0.359824
402,C,CZ,-0.316597356,0.800055689,-0.717,0,12.011,0.339967,0.359824
403,C,CZ,-0.031597356,0.796055689,-0.709,0,12.011,0.339967,0.359824
404,C,CZ,0.113402644,0.798055689,-0.718,0,12.011,0.339967,0.359824
405,C,CZ,0.403402644,0.801055689,-0.728,0,12.011,0.339967,0.359824
406,C,CZ,0.545402644,0.798055689,-0.731,0,12.011,0.339967,0.359824
407,C,CZ,0.825402644,0.793055689,-0.729,0,12.011,0.339967,0.359824
408,C,CZ,0.967402644,0.796055689,-0.721,0,12.011,0.339967,0.359824
409,C,CZ,1.252402644,0.801055689,-0.707,0,12.011,0.339967,0.359824
410,C,CZ,1.397402644,0.797055689,-0.717,0,12.011,0.339967,0.359824
411,C,CZ,1.688402644,0.795055689,-0.714,0,12.011,0.339967,0.359824
412,C,CZ,-1.595597356,0.791055689,-0.709,0,12.011,0.339967,0.359824
413,C,CZ,-1.308597356,0.795055689,-0.719,0,12.011,0.339967,0.359824
414,C,CZ,-1.166597356,0.794055689,-0.719,0,12.011,0.339967,0.359824
415,C,CZ,-0.877597356,0.795055689,-0.739,0,12.011,0.339967,0.359824
416,C,CZ,-0.737597356,0.796055689,-0.737,0,12.011,0.339967,0.359824
417,C,CZ,0.250402644,-1.415944311,-0.396,0,12.011,0.339967,0.359824
418,C,CZ,0.538402644,-1.414944311,-0.406,0,12.011,0.339967,0.359824
419,C,CZ,0.679402644,-1.415944311,-0.405,0,12.011,0.339967,0.359824
420,C,CZ,0.968402644,-1.411944311,-0.408,0,12.011,0.339967,0.359824
421,C,CZ,1.111402644,-1.414944311,-0.409,0,12.011,0.339967,0.359824
422,C,CZ,1.392402644,-1.411944311,-0.385,0,12.011,0.339967,0.359824
423,C,CZ,1.537402644,-1.411944311,-0.372,0,12.011,0.339967,0.359824
424,C,CZ,-1.600597356,-1.413944311,-0.359,0,12.011,0.339967,0.359824
425,C,CZ,-1.459597356,-1.416944311,-0.371,0,12.011,0.339967,0.359824
426,C,CZ,-1.172597356,-1.420944311,-0.373,0,12.011,0.339967,0.359824
427,C,CZ,-1.030597356,-1.422944311,-0.361,0,12.011,0.339967,0.359824
428,C,CZ,-0.741597356,-1.417944311,-0.375,0,12.011,0.339967,0.359824
429,C,CZ,-0.600597356,-1.415944311,-0.37,0,12.011,0.339967,0.359824
430,C,CZ,-0.309597356,-1.418944311,-0.388,0,12.011,0.339967,0.359824
431,C,CZ,-0.166597356,-1.416944311,-0.388,0,12.011,0.339967,0.359824
432,C,CZ,0.112402644,-1.417944311,-0.401,0,12.011,0.339967,0.359824
433,C,CZ,0.322402644,-1.537944311,-0.404,0,12.011,0.339967,0.359824
434,C,CZ,0.466402644,-1.536944311,-0.396,0,12.011,0.339967,0.359824
435,C,CZ,0.751402644,-1.539944311,-0.395,0,12.011,0.339967,0.359824
436,C,CZ,0.893402644,-1.534944311,-0.406,0,12.011,0.339967,0.359824
437,C,CZ,1.182402644,-1.538944311,-0.405,0,12.011,0.339967,0.359824
438,C,CZ,1.326402644,-1.537944311,-0.392,0,12.011,0.339967,0.359824
439,C,CZ,1.613402644,-1.533944311,-0.359,0,12.011,0.339967,0.359824
440,C,CZ,-1.668597356,-1.538944311,-0.354,0,12.011,0.339967,0.359824
441,C,CZ,-1.389597356,-1.541944311,-0.362,0,12.011,0.339967,0.359824
442,C,CZ,-1.249597356,-1.544944311,-0.375,0,12.011,0.339967,0.359824
443,C,CZ,-0.959597356,-1.543944311,-0.373,0,12.011,0.339967,0.359824
444,C,CZ,-0.812597356,-1.541944311,-0.371,0,12.011,0.339967,0.359824
445,C,CZ,-0.526597356,-1.541944311,-0.383,0,12.011,0.339967,0.359824
446,C,CZ,-0.381597356,-1.542944311,-0.386,0,12.011,0.339967,0.359824
447,C,CZ,-0.096597356,-1.539944311,-0.4,0,12.011,0.339967,0.359824
448,C,CZ,0.042402644,-1.539944311,-0.411,0,12.011,0.339967,0.359824
449,C,CZ,0.256402644,1.548055689,-0.402,0,12.011,0.339967,0.359824
450,C,CZ,0.540402644,1.551055689,-0.393,0,12.011,0.339967,0.359824
451,C,CZ,0.677402644,1.549055689,-0.393,0,12.011,0.339967,0.359824
452,C,CZ,0.966402644,1.553055689,-0.4,0,12.011,0.339967,0.359824
453,C,CZ,1.111402644,1.550055689,-0.404,0,12.011,0.339967,0.359824
454,C,CZ,1.395402644,1.553055689,-0.375,0,12.011,0.339967,0.359824
455,C,CZ,1.540402644,1.556055689,-0.36,0,12.011,0.339967,0.359824
456,C,CZ,-1.604597356,1.552055689,-0.359,0,12.011,0.339967,0.359824
457,C,CZ,-1.464597356,1.550055689,-0.37,0,12.011,0.339967,0.359824
458,C,CZ,-1.172597356,1.543055689,-0.369,0,12.011,0.339967,0.359824
459,C,CZ,-1.029597356,1.541055689,-0.372,0,12.011,0.339967,0.359824
460,C,CZ,-0.740597356,1.547055689,-0.375,0,12.011,0.339967,0.359824
461,C,CZ,-0.601597356,1.546055689,-0.383,0,12.011,0.339967,0.359824
462,C,CZ,-0.308597356,1.549055689,-0.393,0,12.011,0.339967,0.359824
463,C,CZ,-0.166597356,1.549055689,-0.391,0,12.011,0.339967,0.359824
464,C,CZ,0.112402644,1.546055689,-0.398,0,12.011,0.339967,0.359824
465,C,CZ,0.326402644,1.425055689,-0.392,0,12.011,0.339967,0.359824
466,C,CZ,0.468402644,1.428055689,-0.394,0,12.011,0.339967,0.359824
467,C,CZ,0.754402644,1.431055689,-0.385,0,12.011,0.339967,0.359824
468,C,CZ,0.894402644,1.430055689,-0.396,0,12.011,0.339967,0.359824
469,C,CZ,1.188402644,1.423055689,-0.404,0,12.011,0.339967,0.359824
470,C,CZ,1.332402644,1.424055689,-0.379,0,12.011,0.339967,0.359824
471,C,CZ,1.608402644,1.431055689,-0.362,0,12.011,0.339967,0.359824
472,C,CZ,-1.674597356,1.427055689,-0.36,0,12.011,0.339967,0.359824
473,C,CZ,-1.391597356,1.424055689,-0.367,0,12.011,0.339967,0.359824
474,C,CZ,-1.246597356,1.420055689,-0.371,0,12.011,0.339967,0.359824
475,C,CZ,-0.958597356,1.420055689,-0.374,0,12.011,0.339967,0.359824
476,C,CZ,-0.814597356,1.422055689,-0.379,0,12.011,0.339967,0.359824
477,C,CZ,-0.523597356,1.425055689,-0.38,0,12.011,0.339967,0.359824
478,C,CZ,-0.382597356,1.429055689,-0.386,0,12.011,0.339967,0.359824
479,C,CZ,-0.097597356,1.424055689,-0.385,0,12.011,0.339967,0.359824
480,C,CZ,0.043402644,1.425055689,-0.389,0,12.011,0.339967,0.359824
481,C,CZ,0.258402644,1.301055689,-0.383,0,12.011,0.339967,0.359824
482,C,CZ,0.539402644,1.306055689,-0.38,0,12.011,0.339967,0.359824
483,C,CZ,0.683402644,1.307055689,-0.38,0,12.011,0.339967,0.359824
484,C,CZ,0.970402644,1.305055689,-0.398,0,12.011,0.339967,0.359824
485,C,CZ,1.115402644,1.300055689,-0.394,0,12.011,0.339967,0.359824
486,C,CZ,1.400402644,1.299055689,-0.38,0,12.011,0.339967,0.359824
487,C,CZ,1.539402644,1.302055689,-0.372,0,12.011,0.339967,0.359824
488,C,CZ,-1.601597356,1.303055689,-0.366,0,12.011,0.339967,0.359824
489,C,CZ,-1.460597356,1.300055689,-0.364,0,12.011,0.339967,0.359824
490,C,CZ,-1.173597356,1.296055689,-0.379,0,12.011,0.339967,0.359824
491,C,CZ,-1.033597356,1.298055689,-0.384,0,12.011,0.339967,0.359824
492,C,CZ,-0.744597356,1.304055689,-0.38,0,12.011,0.339967,0.359824
493,C,CZ,-0.597597356,1.301055689,-0.372,0,12.011,0.339967,0.359824
494,C,CZ,-0.315597356,1.301055689,-0.389,0,12.011,0.339967,0.359824
495,C,CZ,-0.171597356,1.300055689,-0.383,0,12.011,0.339967,0.359824
496,C,CZ,0.115402644,1.299055689,-0.39,0,12.011,0.339967,0.359824
497,C,CZ,0.330402644,1.178055689,-0.38,0,12.011,0.339967,0.359824
498,C,CZ,0.469402644,1.182055689,-0.381,0,12.011,0.339967,0.359824
499,C,CZ,0.753402644,1.182055689,-0.376,0,12.011,0.339967,0.359824
500,C,CZ,0.897402644,1.185055689,-0.392,0,12.011,0.339967,0.359824
501,C,CZ,1.185402644,1.178055689,-0.384,0,12.011,0.339967,0.359824
502,C,CZ,1.329402644,1.176055689,-0.384,0,12.011,0.339967,0.359824
503,C,CZ,1.608402644,1.177055689,-0.371,0,12.011,0.339967,0.359824
504,C,CZ,-1.673597356,1.175055689,-0.373,0,12.011,0.339967,0.359824
505,C,CZ,-1.389597356,1.180055689,-0.371,0,12.011,0.339967,0.359824
506,C,CZ,-1.245597356,1.174055689,-0.373,0,12.011,0.339967,0.359824
507,C,CZ,-0.963597356,1.176055689,-0.378,0,12.011,0.339967,0.359824
508,C,CZ,-0.818597356,1.184055689,-0.375,0,12.011,0.339967,0.359824
509,C,CZ,-0.523597356,1.179055689,-0.376,0,12.011,0.339967,0.359824
510,C,CZ,-0.381597356,1.178055689,-0.388,0,12.011,0.339967,0.359824
511,C,CZ,-0.100597356,1.176055689,-0.387,0,12.011,0.339967,0.359824
512,C,CZ,0.041402644,1.175055689,-0.389,0,12.011,0.339967,0.359824
513,C,CZ,0.259402644,1.056055689,-0.378,0,12.011,0.339967,0.359824
514,C,CZ,0.542402644,1.058055689,-0.383,0,12.011,0.339967,0.359824
515,C,CZ,0.682402644,1.059055689,-0.38,0,12.011,0.339967,0.359824
516,C,CZ,0.972402644,1.061055689,-0.393,0,12.011,0.339967,0.359824
517,C,CZ,1.113402644,1.054055689,-0.385,0,12.011,0.339967,0.359824
518,C,CZ,1.399402644,1.050055689,-0.367,0,12.011,0.339967,0.359824
519,C,CZ,1.539402644,1.048055689,-0.364,0,12.011,0.339967,0.359824
520,C,CZ,-1.602597356,1.052055689,-0.371,0,12.011,0.339967,0.359824
521,C,CZ,-1.459597356,1.053055689,-0.375,0,12.011,0.339967,0.359824
522,C,CZ,-1.173597356,1.049055689,-0.377,0,12.011,0.339967,0.359824
523,C,CZ,-1.029597356,1.052055689,-0.384,0,12.011,0.339967,0.359824
524,C,CZ,-0.742597356,1.061055689,-0.376,0,12.011,0.339967,0.359824
525,C,CZ,-0.600597356,1.057055689,-0.375,0,12.011,0.339967,0.359824
526,C,CZ,-0.315597356,1.058055689,-0.386,0,12.011,0.339967,0.359824
527,C,CZ,-0.173597356,1.056055689,-0.383,0,12.011,0.339967,0.359824
528,C,CZ,0.115402644,1.049055689,-0.381,0,12.011,0.339967,0.359824
529,C,CZ,0.331402644,0.932055689,-0.379,0,12.011,0.339967,0.359824
530,C,CZ,0.472402644,0.931055689,-0.376,0,12.011,0.339967,0.359824
531,C,CZ,0.757402644,0.937055689,-0.38,0,12.011,0.339967,0.359824
532,C,CZ,0.901402644,0.940055689,-0.379,0,12.011,0.339967,0.359824
533,C,CZ,1.185402644,0.929055689,-0.375,0,12.011,0.339967,0.359824
534,C,CZ,1.328402644,0.928055689,-0.367,0,12.011,0.339967,0.359824
535,C,CZ,1.605402644,0.927055689,-0.365,0,12.011,0.339967,0.359824
536,C,CZ,-1.671597356,0.928055689,-0.368,0,12.011,0.339967,0.359824
537,C,CZ,-1.385597356,0.931055689,-0.369,0,12.011,0.339967,0.359824
538,C,CZ,-1.243597356,0.924055689,-0.371,0,12.011,0.339967,0.359824
539,C,CZ,-0.955597356,0.931055689,-0.384,0,12.011,0.339967,0.359824
540,C,CZ,-0.811597356,0.933055689,-0.386,0,12.011,0.339967,0.359824
541,C,CZ,-0.531597356,0.934055689,-0.378,0,12.011,0.339967,0.359824
542,C,CZ,-0.389597356,0.939055689,-0.385,0,12.011,0.339967,0.359824
543,C,CZ,-0.103597356,0.936055689,-0.37,0,12.011,0.339967,0.359824
544,C,CZ,0.040402644,0.930055689,-0.38,0,12.011,0.339967,0.359824
545,C,CZ,0.254402644,0.812055689,-0.381,0,12.011,0.339967,0.359824
546,C,CZ,0.541402644,0.811055689,-0.37,0,12.011,0.339967,0.359824
547,C,CZ,0.687402644,0.815055689,-0.379,0,12.011,0.339967,0.359824
548,C,CZ,0.968402644,0.813055689,-0.379,0,12.011,0.339967,0.359824
549,C,CZ,1.113402644,0.810055689,-0.385,0,12.011,0.339967,0.359824
550,C,CZ,1.398402644,0.804055689,-0.373,0,12.011,0.339967,0.359824
551,C,CZ,1.538402644,0.804055689,-0.37,0,12.011,0.339967,0.359824
552,C,CZ,-1.596597356,0.806055689,-0.361,0,12.011,0.339967,0.359824
553,C,CZ,-1.455597356,0.809055689,-0.351,0,12.011,0.339967,0.359824
554,C,CZ,-1.170597356,0.804055689,-0.367,0,12.011,0.339967,0.359824
555,C,CZ,-1.022597356,0.805055689,-0.371,0,12.011,0.339967,0.359824
556,C,CZ,-0.744597356,0.804055689,-0.379,0,12.011,0.339967,0.359824
557,C,CZ,-0.604597356,0.810055689,-0.38,0,12.011,0.339967,0.359824
558,C,CZ,-0.318597356,0.812055689,-0.379,0,12.011,0.339967,0.359824
559,C,CZ,-0.176597356,0.815055689,-0.372,0,12.011,0.339967,0.359824
560,C,CZ,0.111402644,0.812055689,-0.383,0,12.011,0.339967,0.359824
561,C,CZ,0.322402644,0.686055689,-0.371,0,12.011,0.339967,0.359824
562,C,CZ,0.470402644,0.689055689,-0.359,0,12.011,0.339967,0.359824
563,C,CZ,0.757402644,0.689055689,-0.372,0,12.011,0.339967,0.359824
564,C,CZ,0.896402644,0.682055689,-0.37,0,12.011,0.339967,0.359824
565,C,CZ,1.186402644,0.684055689,-0.389,0,12.011,0.339967,0.359824
566,C,CZ,1.327402644,0.684055689,-0.381,0,12.011,0.339967,0.359824
567,C,CZ,1.615402644,0.682055689,-0.374,0,12.011,0.339967,0.359824
568,C,CZ,-1.667597356,0.685055689,-0.362,0,12.011,0.339967,0.359824
569,C,CZ,-1.382597356,0.683055689,-0.357,0,12.011,0.339967,0.359824
570,C,CZ,-1.241597356,0.683055689,-0.358,0,12.011,0.339967,0.359824
571,C,CZ,-0.953597356,0.681055689,-0.376,0,12.011,0.339967,0.359824
572,C,CZ,-0.815597356,0.684055689,-0.369,0,12.011,0.339967,0.359824
573,C,CZ,-0.533597356,0.680055689,-0.379,0,12.011,0.339967,0.359824
574,C,CZ,-0.392597356,0.687055689,-0.375,0,12.011,0.339967,0.359824
575,C,CZ,-0.108597356,0.688055689,-0.377,0,12.011,0.339967,0.359824
576,C,CZ,0.033402644,0.688055689,-0.372,0,12.011,0.339967,0.359824
577,C,CZ,0.250402644,0.568055689,-0.367,0,12.011,0.339967,0.359824
578,C,CZ,0.542402644,0.564055689,-0.372,0,12.011,0.339967,0.359824
579,C,CZ,0.683402644,0.566055689,-0.374,0,12.011,0.339967,0.359824
580,C,CZ,0.971402644,0.557055689,-0.379,0,12.011,0.339967,0.359824
581,C,CZ,1.116402644,0.559055689,-0.384,0,12.011,0.339967,0.359824
582,C,CZ,1.398402644,0.557055689,-0.376,0,12.011,0.339967,0.359824
583,C,CZ,1.544402644,0.560055689,-0.37,0,12.011,0.339967,0.359824
584,C,CZ,-1.596597356,0.559055689,-0.362,0,12.011,0.339967,0.359824
585,C,CZ,-1.454597356,0.555055689,-0.366,0,12.011,0.339967,0.359824
586,C,CZ,-1.171597356,0.562055689,-0.363,0,12.011,0.339967,0.359824
587,C,CZ,-1.032597356,0.561055689,-0.374,0,12.011,0.339967,0.359824
588,C,CZ,-0.747597356,0.560055689,-0.383,0,12.011,0.339967,0.359824
589,C,CZ,-0.603597356,0.559055689,-0.385,0,12.011,0.339967,0.359824
590,C,CZ,-0.322597356,0.559055689,-0.386,0,12.011,0.339967,0.359824
591,C,CZ,-0.180597356,0.565055689,-0.38,0,12.011,0.339967,0.359824
592,C,CZ,0.110402644,0.566055689,-0.369,0,12.011,0.339967,0.359824
593,C,CZ,0.319402644,0.441055689,-0.381,0,12.011,0.339967,0.359824
594,C,CZ,0.466402644,0.443055689,-0.377,0,12.011,0.339967,0.359824
595,C,CZ,0.753402644,0.441055689,-0.382,0,12.011,0.339967,0.359824
596,C,CZ,0.897402644,0.436055689,-0.385,0,12.011,0.339967,0.359824
597,C,CZ,1.186402644,0.438055689,-0.379,0,12.011,0.339967,0.359824
598,C,CZ,1.327402644,0.436055689,-0.373,0,12.011,0.339967,0.359824
599,C,CZ,1.613402644,0.439055689,-0.359,0,12.011,0.339967,0.359824
600,C,CZ,-1.673597356,0.436055689,-0.357,0,12.011,0.339967,0.359824
601,C,CZ,-1.384597356,0.435055689,-0.358,0,12.011,0.339967,0.359824
602,C,CZ,-1.244597356,0.440055689,-0.366,0,12.011,0.339967,0.359824
603,C,CZ,-0.963597356,0.434055689,-0.376,0,12.011,0.339967,0.359824
604,C,CZ,-0.819597356,0.435055689,-0.372,0,12.011,0.339967,0.359824
605,C,CZ,-0.535597356,0.436055689,-0.391,0,12.011,0.339967,0.359824
606,C,CZ,-0.391597356,0.436055689,-0.388,0,12.011,0.339967,0.359824
607,C,CZ,-0.117597356,0.438055689,-0.379,0,12.011,0.339967,0.359824
608,C,CZ,0.033402644,0.441055689,-0.377,0,12.011,0.339967,0.359824
609,C,CZ,0.252402644,0.318055689,-0.37,0,12.011,0.339967,0.359824
610,C,CZ,0.539402644,0.321055689,-0.386,0,12.011,0.339967,0.359824
611,C,CZ,0.682402644,0.318055689,-0.38,0,12.011,0.339967,0.359824
612,C,CZ,0.967402644,0.312055689,-0.392,0,12.011,0.339967,0.359824
613,C,CZ,1.111402644,0.315055689,-0.382,0,12.011,0.339967,0.359824
614,C,CZ,1.396402644,0.314055689,-0.363,0,12.011,0.339967,0.359824
615,C,CZ,1.542402644,0.315055689,-0.364,0,12.011,0.339967,0.359824
616,C,CZ,-1.597597356,0.312055689,-0.357,0,12.011,0.339967,0.359824
617,C,CZ,-1.455597356,0.313055689,-0.359,0,12.011,0.339967,0.359824
618,C,CZ,-1.178597356,0.315055689,-0.366,0,12.011,0.339967,0.359824
619,C,CZ,-1.037597356,0.311055689,-0.373,0,12.011,0.339967,0.359824
620,C,CZ,-0.748597356,0.311055689,-0.381,0,12.011,0.339967,0.359824
621,C,CZ,-0.609597356,0.314055689,-0.389,0,12.011,0.339967,0.359824
622,C,CZ,-0.320597356,0.314055689,-0.389,0,12.011,0.339967,0.359824
623,C,CZ,-0.181597356,0.310055689,-0.381,0,12.011,0.339967,0.359824
624,C,CZ,0.108402644,0.318055689,-0.371,0,12.011,0.339967,0.359824
625,C,CZ,0.327402644,0.200055689,-0.378,0,12.011,0.339967,0.359824
626,C,CZ,0.469402644,0.199055689,-0.386,0,12.011,0.339967,0.359824
627,C,CZ,0.749402644,0.190055689,-0.393,0,12.011,0.339967,0.359824
628,C,CZ,0.898402644,0.186055689,-0.392,0,12.011,0.339967,0.359824
629,C,CZ,1.179402644,0.189055689,-0.374,0,12.011,0.339967,0.359824
630,C,CZ,1.321402644,0.193055689,-0.368,0,12.011,0.339967,0.359824
631,C,CZ,1.612402644,0.190055689,-0.357,0,12.011,0.339967,0.359824
632,C,CZ,-1.668597356,0.187055689,-0.357,0,12.011,0.339967,0.359824
633,C,CZ,-1.386597356,0.184055689,-0.367,0,12.011,0.339967,0.359824
634,C,CZ,-1.244597356,0.182055689,-0.361,0,12.011,0.339967,0.359824
635,C,CZ,-0.964597356,0.185055689,-0.363,0,12.011,0.339967,0.359824
636,C,CZ,-0.819597356,0.186055689,-0.376,0,12.011,0.339967,0.359824
637,C,CZ,-0.537597356,0.193055689,-0.386,0,12.011,0.339967,0.359824
638,C,CZ,-0.391597356,0.191055689,-0.389,0,12.011,0.339967,0.359824
639,C,CZ,-0.106597356,0.193055689,-0.376,0,12.011,0.339967,0.359824
640,C,CZ,0.037402644,0.191055689,-0.375,0,12.011,0.339967,0.359824
641,C,CZ,0.255402644,0.072055689,-0.386,0,12.011,0.339967,0.359824
642,C,CZ,0.538402644,0.073055689,-0.389,0,12.011,0.339967,0.359824
643,C,CZ,0.683402644,0.072055689,-0.388,0,12.011,0.339967,0.359824
644,C,CZ,0.967402644,0.063055689,-0.388,0,12.011,0.339967,0.359824
645,C,CZ,1.110402644,0.063055689,-0.373,0,12.011,0.339967,0.359824
646,C,CZ,1.392402644,0.066055689,-0.361,0,12.011,0.339967,0.359824
647,C,CZ,1.536402644,0.068055689,-0.355,0,12.011,0.339967,0.359824
648,C,CZ,-1.603597356,0.063055689,-0.346,0,12.011,0.339967,0.359824
649,C,CZ,-1.455597356,0.059055689,-0.352,0,12.011,0.339967,0.359824
650,C,CZ,-1.172597356,0.060055689,-0.363,0,12.011,0.339967,0.359824
651,C,CZ,-1.033597356,0.059055689,-0.353,0,12.011,0.339967,0.359824
652,C,CZ,-0.748597356,0.063055689,-0.366,0,12.011,0.339967,0.359824
653,C,CZ,-0.606597356,0.068055689,-0.369,0,12.011,0.339967,0.359824
654,C,CZ,-0.321597356,0.067055689,-0.382,0,12.011,0.339967,0.359824
655,C,CZ,-0.176597356,0.068055689,-0.381,0,12.011,0.339967,0.359824
656,C,CZ,0.108402644,0.071055689,-0.377,0,12.011,0.339967,0.359824
657,C,CZ,0.326402644,-0.050944311,-0.381,0,12.011,0.339967,0.359824
658,C,CZ,0.468402644,-0.050944311,-0.388,0,12.011,0.339967,0.359824
659,C,CZ,0.753402644,-0.053944311,-0.392,0,12.011,0.339967,0.359824
660,C,CZ,0.895402644,-0.059944311,-0.382,0,12.011,0.339967,0.359824
661,C,CZ,1.181402644,-0.057944311,-0.37,0,12.011,0.339967,0.359824
662,C,CZ,1.321402644,-0.057944311,-0.359,0,12.011,0.339967,0.359824
663,C,CZ,1.605402644,-0.054944311,-0.345,0,12.011,0.339967,0.359824
664,C,CZ,-1.678597356,-0.058944311,-0.34,0,12.011,0.339967,0.359824
665,C,CZ,-1.385597356,-0.062944311,-0.345,0,12.011,0.339967,0.359824
666,C,CZ,-1.244597356,-0.065944311,-0.354,0,12.011,0.339967,0.359824
667,C,CZ,-0.962597356,-0.061944311,-0.35,0,12.011,0.339967,0.359824
668,C,CZ,-0.820597356,-0.062944311,-0.35,0,12.011,0.339967,0.359824
669,C,CZ,-0.533597356,-0.056944311,-0.365,0,12.011,0.339967,0.359824
670,C,CZ,-0.389597356,-0.052944311,-0.379,0,12.011,0.339967,0.359824
671,C,CZ,-0.104597356,-0.051944311,-0.388,0,12.011,0.339967,0.359824
672,C,CZ,0.038402644,-0.050944311,-0.384,0,12.011,0.339967,0.359824
673,C,CZ,0.253402644,-0.171944311,-0.378,0,12.011,0.339967,0.359824
674,C,CZ,0.538402644,-0.173944311,-0.386,0,12.011,0.339967,0.359824
675,C,CZ,0.681402644,-0.175944311,-0.386,0,12.011,0.339967,0.359824
676,C,CZ,0.968402644,-0.184944311,-0.374,0,12.011,0.339967,0.359824
677,C,CZ,1.107402644,-0.183944311,-0.365,0,12.011,0.339967,0.359824
678,C,CZ,1.392402644,-0.181944311,-0.355,0,12.011,0.339967,0.359824
679,C,CZ,1.537402644,-0.181944311,-0.347,0,12.011,0.339967,0.359824
680,C,CZ,-1.606597356,-0.179944311,-0.342,0,12.011,0.339967,0.359824
681,C,CZ,-1.464597356,-0.183944311,-0.339,0,12.011,0.339967,0.359824
682,C,CZ,-1.177597356,-0.187944311,-0.344,0,12.011,0.339967,0.359824
683,C,CZ,-1.031597356,-0.189944311,-0.35,0,12.011,0.339967,0.359824
684,C,CZ,-0.742597356,-0.187944311,-0.355,0,12.011,0.339967,0.359824
685,C,CZ,-0.601597356,-0.181944311,-0.359,0,12.011,0.339967,0.359824
686,C,CZ,-0.316597356,-0.172944311,-0.382,0,12.011,0.339967,0.359824
687,C,CZ,-0.173597356,-0.174944311,-0.385,0,12.011,0.339967,0.359824
688,C,CZ,0.111402644,-0.172944311,-0.382,0,12.011,0.339967,0.359824
689,C,CZ,0.324402644,-0.295944311,-0.381,0,12.011,0.339967,0.359824
690,C,CZ,0.466402644,-0.297944311,-0.381,0,12.011,0.339967,0.359824
691,C,CZ,0.755402644,-0.300944311,-0.381,0,12.011,0.339967,0.359824
692,C,CZ,0.897402644,-0.305944311,-0.372,0,12.011,0.339967,0.359824
693,C,CZ,1.179402644,-0.308944311,-0.364,0,12.011,0.339967,0.359824
694,C,CZ,1.320402644,-0.306944311,-0.362,0,12.011,0.339967,0.359824
695,C,CZ,1.608402644,-0.303944311,-0.349,0,12.011,0.339967,0.359824
696,C,CZ,-1.671597356,-0.305944311,-0.349,0,12.011,0.339967,0.359824
697,C,CZ,-1.393597356,-0.305944311,-0.344,0,12.011,0.339967,0.359824
698,C,CZ,-1.247597356,-0.311944311,-0.352,0,12.011,0.339967,0.359824
699,C,CZ,-0.960597356,-0.310944311,-0.349,0,12.011,0.339967,0.359824
700,C,CZ,-0.813597356,-0.310944311,-0.355,0,12.011,0.339967,0.359824
701,C,CZ,-0.534597356,-0.300944311,-0.371,0,12.011,0.339967,0.359824
702,C,CZ,-0.388597356,-0.298944311,-0.373,0,12.011,0.339967,0.359824
703,C,CZ,-0.107597356,-0.300944311,-0.379,0,12.011,0.339967,0.359824
704,C,CZ,0.036402644,-0.294944311,-0.374,0,12.011,0.339967,0.359824
705,C,CZ,0.253402644,-0.421944311,-0.38,0,12.011,0.339967,0.359824
706,C,CZ,0.540402644,-0.418944311,-0.392,0,12.011,0.339967,0.359824
707,C,CZ,0.687402644,-0.422944311,-0.387,0,12.011,0.339967,0.359824
708,C,CZ,0.963402644,-0.432944311,-0.377,0,12.011,0.339967,0.359824
709,C,CZ,1.104402644,-0.424944311,-0.372,0,12.011,0.339967,0.359824
710,C,CZ,1.390402644,-0.430944311,-0.371,0,12.011,0.339967,0.359824
711,C,CZ,1.531402644,-0.425944311,-0.361,0,12.011,0.339967,0.359824
712,C,CZ,-1.603597356,-0.430944311,-0.342,0,12.011,0.339967,0.359824
713,C,CZ,-1.459597356,-0.431944311,-0.338,0,12.011,0.339967,0.359824
714,C,CZ,-1.176597356,-0.434944311,-0.354,0,12.011,0.339967,0.359824
715,C,CZ,-1.034597356,-0.431944311,-0.358,0,12.011,0.339967,0.359824
716,C,CZ,-0.749597356,-0.430944311,-0.356,0,12.011,0.339967,0.359824
717,C,CZ,-0.605597356,-0.426944311,-0.363,0,12.011,0.339967,0.359824
718,C,CZ,-0.319597356,-0.422944311,-0.368,0,12.011,0.339967,0.359824
719,C,CZ,-0.176597356,-0.427944311,-0.371,0,12.011,0.339967,0.359824
720,C,CZ,0.106402644,-0.420944311,-0.372,0,12.011,0.339967,0.359824
721,C,CZ,0.321402644,-0.549944311,-0.387,0,12.011,0.339967,0.359824
722,C,CZ,0.469402644,-0.551944311,-0.388,0,12.011,0.339967,0.359824
723,C,CZ,0.752402644,-0.550944311,-0.381,0,12.011,0.339967,0.359824
724,C,CZ,0.892402644,-0.554944311,-0.383,0,12.011,0.339967,0.359824
725,C,CZ,1.173402644,-0.553944311,-0.382,0,12.011,0.339967,0.359824
726,C,CZ,1.321402644,-0.553944311,-0.383,0,12.011,0.339967,0.359824
727,C,CZ,1.605402644,-0.552944311,-0.36,0,12.011,0.339967,0.359824
728,C,CZ,-1.674597356,-0.554944311,-0.35,0,12.011,0.339967,0.359824
729,C,CZ,-1.386597356,-0.558944311,-0.337,0,12.011,0.339967,0.359824
730,C,CZ,-1.248597356,-0.557944311,-0.349,0,12.011,0.339967,0.359824
731,C,CZ,-0.962597356,-0.556944311,-0.357,0,12.011,0.339967,0.359824
732,C,CZ,-0.817597356,-0.554944311,-0.354,0,12.011,0.339967,0.359824
733,C,CZ,-0.528597356,-0.553944311,-0.362,0,12.011,0.339967,0.359824
734,C,CZ,-0.384597356,-0.548944311,-0.369,0,12.011,0.339967,0.359824
735,C,CZ,-0.105597356,-0.549944311,-0.376,0,12.011,0.339967,0.359824
736,C,CZ,0.039402644,-0.548944311,-0.381,0,12.011,0.339967,0.359824
737,C,CZ,0.250402644,-0.672944311,-0.394,0,12.011,0.339967,0.359824
738,C,CZ,0.538402644,-0.667944311,-0.39,0,12.011,0.339967,0.359824
739,C,CZ,0.679402644,-0.673944311,-0.39,0,12.011,0.339967,0.359824
740,C,CZ,0.964402644,-0.673944311,-0.392,0,12.011,0.339967,0.359824
741,C,CZ,1.106402644,-0.677944311,-0.393,0,12.011,0.339967,0.359824
742,C,CZ,1.391402644,-0.675944311,-0.375,0,12.011,0.339967,0.359824
743,C,CZ,1.535402644,-0.672944311,-0.366,0,12.011,0.339967,0.359824
744,C,CZ,-1.598597356,-0.674944311,-0.347,0,12.011,0.339967,0.359824
745,C,CZ,-1.459597356,-0.678944311,-0.336,0,12.011,0.339967,0.359824
746,C,CZ,-1.175597356,-0.682944311,-0.358,0,12.011,0.339967,0.359824
747,C,CZ,-1.031597356,-0.676944311,-0.353,0,12.011,0.339967,0.359824
748,C,CZ,-0.740597356,-0.674944311,-0.354,0,12.011,0.339967,0.359824
749,C,CZ,-0.599597356,-0.674944311,-0.365,0,12.011,0.339967,0.359824
750,C,CZ,-0.314597356,-0.671944311,-0.387,0,12.011,0.339967,0.359824
751,C,CZ,-0.176597356,-0.673944311,-0.385,0,12.011,0.339967,0.359824
752,C,CZ,0.110402644,-0.671944311,-0.387,0,12.011,0.339967,0.359824
753,C,CZ,0.330402644,-0.794944311,-0.394,0,12.011,0.339967,0.359824
754,C,CZ,0.469402644,-0.793944311,-0.391,0,12.011,0.339967,0.359824
755,C,CZ,0.752402644,-0.796944311,-0.402,0,12.011,0.339967,0.359824
756,C,CZ,0.895402644,-0.797944311,-0.407,0,12.011,0.339967,0.359824
757,C,CZ,1.180402644,-0.799944311,-0.4,0,12.011,0.339967,0.359824
758,C,CZ,1.321402644,-0.798944311,-0.384,0,12.011,0.339967,0.359824
759,C,CZ,1.609402644,-0.792944311,-0.362,0,12.011,0.339967,0.359824
760,C,CZ,-1.669597356,-0.794944311,-0.351,0,12.011,0.339967,0.359824
761,C,CZ,-1.391597356,-0.800944311,-0.347,0,12.011,0.339967,0.359824
762,C,CZ,-1.251597356,-0.800944311,-0.348,0,12.011,0.339967,0.359824
763,C,CZ,-0.958597356,-0.796944311,-0.355,0,12.011,0.339967,0.359824
764,C,CZ,-0.811597356,-0.798944311,-0.349,0,12.011,0.339967,0.359824
765,C,CZ,-0.528597356,-0.793944311,-0.373,0,12.011,0.339967,0.359824
766,C,CZ,-0.386597356,-0.792944311,-0.389,0,12.011,0.339967,0.359824
767,C,CZ,-0.101597356,-0.798944311,-0.382,0,12.011,0.339967,0.359824
768,C,CZ,0.041402644,-0.792944311,-0.381,0,12.011,0.339967,0.359824
769,C,CZ,0.255402644,-0.922944311,-0.397,0,12.011,0.339967,0.359824
770,C,CZ,0.542402644,-0.917944311,-0.4,0,12.011,0.339967,0.359824
771,C,CZ,0.684402644,-0.919944311,-0.402,0,12.011,0.339967,0.359824
772,C,CZ,0.968402644,-0.921944311,-0.411,0,12.011,0.339967,0.359824
773,C,CZ,1.113402644,-0.923944311,-0.403,0,12.011,0.339967,0.359824
774,C,CZ,1.394402644,-0.920944311,-0.388,0,12.011,0.339967,0.359824
775,C,CZ,1.534402644,-0.916944311,-0.374,0,12.011,0.339967,0.359824
776,C,CZ,-1.604597356,-0.919944311,-0.356,0,12.011,0.339967,0.359824
777,C,CZ,-1.459597356,-0.928944311,-0.353,0,12.011,0.339967,0.359824
778,C,CZ,-1.177597356,-0.927944311,-0.356,0,12.011,0.339967,0.359824
779,C,CZ,-1.033597356,-0.923944311,-0.351,0,12.011,0.339967,0.359824
780,C,CZ,-0.740597356,-0.921944311,-0.354,0,12.011,0.339967,0.359824
781,C,CZ,-0.598597356,-0.917944311,-0.363,0,12.011,0.339967,0.359824
782,C,CZ,-0.315597356,-0.915944311,-0.384,0,12.011,0.339967,0.359824
783,C,CZ,-0.171597356,-0.921944311,-0.373,0,12.011,0.339967,0.359824
784,C,CZ,0.111402644,-0.917944311,-0.381,0,12.011,0.339967,0.359824
785,C,CZ,0.325402644,-1.045944311,-0.394,0,12.011,0.339967,0.359824
786,C,CZ,0.467402644,-1.045944311,-0.4,0,12.011,0.339967,0.359824
787,C,CZ,0.752402644,-1.044944311,-0.41,0,12.011,0.339967,0.359824
788,C,CZ,0.893402644,-1.043944311,-0.409,0,12.011,0.339967,0.359824
789,C,CZ,1.181402644,-1.048944311,-0.404,0,12.011,0.339967,0.359824
790,C,CZ,1.326402644,-1.042944311,-0.395,0,12.011,0.339967,0.359824
791,C,CZ,1.606402644,-1.040944311,-0.373,0,12.011,0.339967,0.359824
792,C,CZ,-1.676597356,-1.039944311,-0.364,0,12.011,0.339967,0.359824
793,C,CZ,-1.386597356,-1.049944311,-0.363,0,12.011,0.339967,0.359824
794,C,CZ,-1.243597356,-1.051944311,-0.358,0,12.011,0.339967,0.359824
795,C,CZ,-0.957597356,-1.047944311,-0.352,0,12.011,0.339967,0.359824
796,C,CZ,-0.812597356,-1.046944311,-0.35,0,12.011,0.339967,0.359824
797,C,CZ,-0.526597356,-1.042944311,-0.366,0,12.011,0.339967,0.359824
798,C,CZ,-0.388597356,-1.039944311,-0.378,0,12.011,0.339967,0.359824
799,C,CZ,-0.098597356,-1.048944311,-0.385,0,12.011,0.339967,0.359824
800,C,CZ,0.043402644,-1.043944311,-0.377,0,12.011,0.339967,0.359824
801,C,CZ,0.254402644,-1.165944311,-0.382,0,12.011,0.339967,0.359824
802,C,CZ,0.536402644,-1.167944311,-0.402,0,12.011,0.339967,0.359824
803,C,CZ,0.678402644,-1.170944311,-0.408,0,12.011,0.339967,0.359824
804,C,CZ,0.964402644,-1.169944311,-0.4,0,12.011,0.339967,0.359824
805,C,CZ,1.110402644,-1.167944311,-0.403,0,12.011,0.339967,0.359824
806,C,CZ,1.392402644,-1.163944311,-0.379,0,12.011,0.339967,0.359824
807,C,CZ,1.532402644,-1.166944311,-0.377,0,12.011,0.339967,0.359824
808,C,CZ,-1.601597356,-1.165944311,-0.373,0,12.011,0.339967,0.359824
809,C,CZ,-1.458597356,-1.168944311,-0.37,0,12.011,0.339967,0.359824
810,C,CZ,-1.170597356,-1.171944311,-0.366,0,12.011,0.339967,0.359824
811,C,CZ,-1.032597356,-1.172944311,-0.364,0,12.011,0.339967,0.359824
812,C,CZ,-0.741597356,-1.169944311,-0.356,0,12.011,0.339967,0.359824
813,C,CZ,-0.599597356,-1.167944311,-0.358,0,12.011,0.339967,0.359824
814,C,CZ,-0.313597356,-1.166944311,-0.371,0,12.011,0.339967,0.359824
815,C,CZ,-0.171597356,-1.170944311,-0.38,0,12.011,0.339967,0.359824
816,C,CZ,0.115402644,-1.166944311,-0.387,0,12.011,0.339967,0.359824
817,C,CZ,0.324402644,-1.288944311,-0.396,0,12.011,0.339967,0.359824
818,C,CZ,0.466402644,-1.292944311,-0.396,0,12.011,0.339967,0.359824
819,C,CZ,0.751402644,-1.291944311,-0.412,0,12.011,0.339967,0.359824
820,C,CZ,0.895402644,-1.291944311,-0.407,0,12.011,0.339967,0.359824
821,C,CZ,1.180402644,-1.291944311,-0.405,0,12.011,0.339967,0.359824
822,C,CZ,1.321402644,-1.287944311,-0.393,0,12.011,0.339967,0.359824
823,C,CZ,1.605402644,-1.288944311,-0.37,0,12.011,0.339967,0.359824
824,C,CZ,-1.674597356,-1.292944311,-0.37,0,12.011,0.339967,0.359824
825,C,CZ,-1.389597356,-1.290944311,-0.359,0,12.011,0.339967,0.359824
826,C,CZ,-1.244597356,-1.293944311,-0.364,0,12.011,0.339967,0.359824
827,C,CZ,-0.958597356,-1.297944311,-0.365,0,12.011,0.339967,0.359824
828,C,CZ,-0.814597356,-1.289944311,-0.365,0,12.011,0.339967,0.359824
829,C,CZ,-0.529597356,-1.291944311,-0.368,0,12.011,0.339967,0.359824
830,C,CZ,-0.380597356,-1.293944311,-0.369,0,12.011,0.339967,0.359824
831,C,CZ,-0.095597356,-1.288944311,-0.387,0,12.011,0.339967,0.359824
832,C,CZ,0.043402644,-1.289944311,-0.396,0,12.011,0.339967,0.359824
833,C,CZ,-0.135597356,-1.046944311,-0.056,0,12.011,0.339967,0.359824
834,C,CZ,0.145402644,-1.051944311,-0.043,0,12.011,0.339967,0.359824
835,C,CZ,0.289402644,-1.050944311,-0.04,0,12.011,0.339967,0.359824
836,C,CZ,0.578402644,-1.054944311,-0.047,0,12.011,0.339967,0.359824
837,C,CZ,0.717402644,-1.052944311,-0.043,0,12.011,0.339967,0.359824
838,C,CZ,1.003402644,-1.056944311,-0.055,0,12.011,0.339967,0.359824
839,C,CZ,1.147402644,-1.052944311,-0.053,0,12.011,0.339967,0.359824
840,C,CZ,1.431402644,-1.062944311,-0.038,0,12.011,0.339967,0.359824
841,C,CZ,1.573402644,-1.055944311,-0.03,0,12.011,0.339967,0.359824
842,C,CZ,-1.560597356,-1.049944311,-0.027,0,12.011,0.339967,0.359824
843,C,CZ,-1.418597356,-1.048944311,-0.031,0,12.011,0.339967,0.359824
844,C,CZ,-1.135597356,-1.051944311,-0.022,0,12.011,0.339967,0.359824
845,C,CZ,-0.993597356,-1.050944311,-0.024,0,12.011,0.339967,0.359824
846,C,CZ,-0.710597356,-1.048944311,-0.037,0,12.011,0.339967,0.359824
847,C,CZ,-0.572597356,-1.048944311,-0.037,0,12.011,0.339967,0.359824
848,C,CZ,-0.277597356,-1.051944311,-0.054,0,12.011,0.339967,0.359824
849,C,CZ,-0.068597356,-1.170944311,-0.063,0,12.011,0.339967,0.359824
850,C,CZ,0.072402644,-1.174944311,-0.054,0,12.011,0.339967,0.359824
851,C,CZ,0.358402644,-1.173944311,-0.057,0,12.011,0.339967,0.359824
852,C,CZ,0.502402644,-1.178944311,-0.055,0,12.011,0.339967,0.359824
853,C,CZ,0.784402644,-1.179944311,-0.046,0,12.011,0.339967,0.359824
854,C,CZ,0.932402644,-1.178944311,-0.049,0,12.011,0.339967,0.359824
855,C,CZ,1.220402644,-1.179944311,-0.054,0,12.011,0.339967,0.359824
856,C,CZ,1.359402644,-1.179944311,-0.051,0,12.011,0.339967,0.359824
857,C,CZ,1.647402644,-1.175944311,-0.029,0,12.011,0.339967,0.359824
858,C,CZ,-1.632597356,-1.169944311,-0.026,0,12.011,0.339967,0.359824
859,C,CZ,-1.349597356,-1.171944311,-0.029,0,12.011,0.339967,0.359824
860,C,CZ,-1.209597356,-1.175944311,-0.027,0,12.011,0.339967,0.359824
861,C,CZ,-0.917597356,-1.170944311,-0.029,0,12.011,0.339967,0.359824
862,C,CZ,-0.775597356,-1.169944311,-0.039,0,12.011,0.339967,0.359824
863,C,CZ,-0.494597356,-1.169944311,-0.044,0,12.011,0.339967,0.359824
864,C,CZ,-0.351597356,-1.177944311,-0.05,0,12.011,0.339967,0.359824
865,C,CZ,-0.136597356,-1.295944311,-0.059,0,12.011,0.339967,0.359824
866,C,CZ,0.143402644,-1.294944311,-0.065,0,12.011,0.339967,0.359824
867,C,CZ,0.290402644,-1.296944311,-0.065,0,12.011,0.339967,0.359824
868,C,CZ,0.573402644,-1.301944311,-0.062,0,12.011,0.339967,0.359824
869,C,CZ,0.716402644,-1.303944311,-0.052,0,12.011,0.339967,0.359824
870,C,CZ,1.005402644,-1.304944311,-0.055,0,12.011,0.339967,0.359824
871,C,CZ,1.145402644,-1.302944311,-0.055,0,12.011,0.339967,0.359824
872,C,CZ,1.431402644,-1.302944311,-0.051,0,12.011,0.339967,0.359824
873,C,CZ,1.578402644,-1.296944311,-0.037,0,12.011,0.339967,0.359824
874,C,CZ,-1.561597356,-1.293944311,-0.015,0,12.011,0.339967,0.359824
875,C,CZ,-1.420597356,-1.295944311,-0.02,0,12.011,0.339967,0.359824
876,C,CZ,-1.133597356,-1.297944311,-0.04,0,12.011,0.339967,0.359824
877,C,CZ,-0.989597356,-1.296944311,-0.027,0,12.011,0.339967,0.359824
878,C,CZ,-0.704597356,-1.290944311,-0.044,0,12.011,0.339967,0.359824
879,C,CZ,-0.562597356,-1.294944311,-0.047,0,12.011,0.339967,0.359824
880,C,CZ,-0.278597356,-1.300944311,-0.055,0,12.011,0.339967,0.359824
881,C,CZ,-0.062597356,-1.415944311,-0.064,0,12.011,0.339967,0.359824
882,C,CZ,0.076402644,-1.421944311,-0.069,0,12.011,0.339967,0.359824
883,C,CZ,0.360402644,-1.415944311,-0.065,0,12.011,0.339967,0.359824
884,C,CZ,0.500402644,-1.423944311,-0.059,0,12.011,0.339967,0.359824
885,C,CZ,0.787402644,-1.429944311,-0.056,0,12.011,0.339967,0.359824
886,C,CZ,0.935402644,-1.431944311,-0.056,0,12.011,0.339967,0.359824
887,C,CZ,1.218402644,-1.431944311,-0.055,0,12.011,0.339967,0.359824
888,C,CZ,1.362402644,-1.424944311,-0.05,0,12.011,0.339967,0.359824
889,C,CZ,1.648402644,-1.420944311,-0.024,0,12.011,0.339967,0.359824
890,C,CZ,-1.633597356,-1.418944311,-0.011,0,12.011,0.339967,0.359824
891,C,CZ,-1.343597356,-1.418944311,-0.027,0,12.011,0.339967,0.359824
892,C,CZ,-1.199597356,-1.419944311,-0.037,0,12.011,0.339967,0.359824
893,C,CZ,-0.916597356,-1.419944311,-0.025,0,12.011,0.339967,0.359824
894,C,CZ,-0.776597356,-1.420944311,-0.035,0,12.011,0.339967,0.359824
895,C,CZ,-0.490597356,-1.420944311,-0.057,0,12.011,0.339967,0.359824
896,C,CZ,-0.350597356,-1.421944311,-0.061,0,12.011,0.339967,0.359824
897,C,CZ,-0.136597356,-1.541944311,-0.058,0,12.011,0.339967,0.359824
898,C,CZ,0.149402644,-1.542944311,-0.063,0,12.011,0.339967,0.359824
899,C,CZ,0.292402644,-1.543944311,-0.073,0,12.011,0.339967,0.359824
900,C,CZ,0.571402644,-1.549944311,-0.063,0,12.011,0.339967,0.359824
901,C,CZ,0.713402644,-1.553944311,-0.056,0,12.011,0.339967,0.359824
902,C,CZ,1.004402644,-1.554944311,-0.059,0,12.011,0.339967,0.359824
903,C,CZ,1.150402644,-1.557944311,-0.057,0,12.011,0.339967,0.359824
904,C,CZ,1.432402644,-1.548944311,-0.032,0,12.011,0.339967,0.359824
905,C,CZ,1.573402644,-1.545944311,-0.029,0,12.011,0.339967,0.359824
906,C,CZ,-1.556597356,-1.539944311,-0.01,0,12.011,0.339967,0.359824
907,C,CZ,-1.416597356,-1.539944311,-0.023,0,12.011,0.339967,0.359824
908,C,CZ,-1.132597356,-1.541944311,-0.037,0,12.011,0.339967,0.359824
909,C,CZ,-0.985597356,-1.543944311,-0.027,0,12.011,0.339967,0.359824
910,C,CZ,-0.702597356,-1.537944311,-0.03,0,12.011,0.339967,0.359824
911,C,CZ,-0.561597356,-1.539944311,-0.036,0,12.011,0.339967,0.359824
912,C,CZ,-0.279597356,-1.542944311,-0.055,0,12.011,0.339967,0.359824
913,C,CZ,-0.066597356,1.547055689,-0.062,0,12.011,0.339967,0.359824
914,C,CZ,0.078402644,1.542055689,-0.066,0,12.011,0.339967,0.359824
915,C,CZ,0.359402644,1.540055689,-0.066,0,12.011,0.339967,0.359824
916,C,CZ,0.504402644,1.534055689,-0.065,0,12.011,0.339967,0.359824
917,C,CZ,0.789402644,1.537055689,-0.058,0,12.011,0.339967,0.359824
918,C,CZ,0.934402644,1.540055689,-0.06,0,12.011,0.339967,0.359824
919,C,CZ,1.226402644,1.532055689,-0.049,0,12.011,0.339967,0.359824
920,C,CZ,1.367402644,1.536055689,-0.04,0,12.011,0.339967,0.359824
921,C,CZ,1.650402644,1.540055689,-0.029,0,12.011,0.339967,0.359824
922,C,CZ,-1.631597356,1.546055689,-0.021,0,12.011,0.339967,0.359824
923,C,CZ,-1.348597356,1.548055689,-0.026,0,12.011,0.339967,0.359824
924,C,CZ,-1.206597356,1.548055689,-0.034,0,12.011,0.339967,0.359824
925,C,CZ,-0.913597356,1.543055689,-0.043,0,12.011,0.339967,0.359824
926,C,CZ,-0.771597356,1.549055689,-0.033,0,12.011,0.339967,0.359824
927,C,CZ,-0.494597356,1.548055689,-0.044,0,12.011,0.339967,0.359824
928,C,CZ,-0.352597356,1.546055689,-0.048,0,12.011,0.339967,0.359824
929,C,CZ,-0.135597356,1.418055689,-0.054,0,12.011,0.339967,0.359824
930,C,CZ,0.147402644,1.417055689,-0.05,0,12.011,0.339967,0.359824
931,C,CZ,0.291402644,1.415055689,-0.058,0,12.011,0.339967,0.359824
932,C,CZ,0.574402644,1.409055689,-0.068,0,12.011,0.339967,0.359824
933,C,CZ,0.718402644,1.411055689,-0.057,0,12.011,0.339967,0.359824
934,C,CZ,1.006402644,1.414055689,-0.062,0,12.011,0.339967,0.359824
935,C,CZ,1.150402644,1.409055689,-0.058,0,12.011,0.339967,0.359824
936,C,CZ,1.434402644,1.410055689,-0.036,0,12.011,0.339967,0.359824
937,C,CZ,1.577402644,1.418055689,-0.032,0,12.011,0.339967,0.359824
938,C,CZ,-1.562597356,1.419055689,-0.019,0,12.011,0.339967,0.359824
939,C,CZ,-1.419597356,1.422055689,-0.023,0,12.011,0.339967,0.359824
940,C,CZ,-1.132597356,1.422055689,-0.048,0,12.011,0.339967,0.359824
941,C,CZ,-0.990597356,1.420055689,-0.045,0,12.011,0.339967,0.359824
942,C,CZ,-0.703597356,1.423055689,-0.046,0,12.011,0.339967,0.359824
943,C,CZ,-0.560597356,1.421055689,-0.051,0,12.011,0.339967,0.359824
944,C,CZ,-0.279597356,1.424055689,-0.042,0,12.011,0.339967,0.359824
945,C,CZ,-0.067597356,1.297055689,-0.044,0,12.011,0.339967,0.359824
946,C,CZ,0.076402644,1.294055689,-0.043,0,12.011,0.339967,0.359824
947,C,CZ,0.361402644,1.293055689,-0.053,0,12.011,0.339967,0.359824
948,C,CZ,0.504402644,1.289055689,-0.063,0,12.011,0.339967,0.359824
949,C,CZ,0.791402644,1.290055689,-0.061,0,12.011,0.339967,0.359824
950,C,CZ,0.932402644,1.292055689,-0.063,0,12.011,0.339967,0.359824
951,C,CZ,1.224402644,1.285055689,-0.054,0,12.011,0.339967,0.359824
952,C,CZ,1.364402644,1.288055689,-0.039,0,12.011,0.339967,0.359824
953,C,CZ,1.649402644,1.296055689,-0.021,0,12.011,0.339967,0.359824
954,C,CZ,-1.631597356,1.297055689,-0.017,0,12.011,0.339967,0.359824
955,C,CZ,-1.348597356,1.298055689,-0.037,0,12.011,0.339967,0.359824
956,C,CZ,-1.199597356,1.297055689,-0.046,0,12.011,0.339967,0.359824
957,C,CZ,-0.916597356,1.296055689,-0.049,0,12.011,0.339967,0.359824
958,C,CZ,-0.779597356,1.302055689,-0.048,0,12.011,0.339967,0.359824
959,C,CZ,-0.492597356,1.300055689,-0.046,0,12.011,0.339967,0.359824
960,C,CZ,-0.350597356,1.300055689,-0.039,0,12.011,0.339967,0.359824
961,C,CZ,-0.140597356,1.171055689,-0.038,0,12.011,0.339967,0.359824
962,C,CZ,0.146402644,1.169055689,-0.04,0,12.011,0.339967,0.359824
963,C,CZ,0.291402644,1.165055689,-0.043,0,12.011,0.339967,0.359824
964,C,CZ,0.573402644,1.166055689,-0.061,0,12.011,0.339967,0.359824
965,C,CZ,0.719402644,1.161055689,-0.057,0,12.011,0.339967,0.359824
966,C,CZ,1.004402644,1.166055689,-0.067,0,12.011,0.339967,0.359824
967,C,CZ,1.146402644,1.166055689,-0.059,0,12.011,0.339967,0.359824
968,C,CZ,1.437402644,1.163055689,-0.027,0,12.011,0.339967,0.359824
969,C,CZ,1.580402644,1.169055689,-0.019,0,12.011,0.339967,0.359824
970,C,CZ,-1.562597356,1.173055689,-0.012,0,12.011,0.339967,0.359824
971,C,CZ,-1.418597356,1.174055689,-0.02,0,12.011,0.339967,0.359824
972,C,CZ,-1.127597356,1.175055689,-0.046,0,12.011,0.339967,0.359824
973,C,CZ,-0.986597356,1.175055689,-0.045,0,12.011,0.339967,0.359824
974,C,CZ,-0.706597356,1.178055689,-0.048,0,12.011,0.339967,0.359824
975,C,CZ,-0.563597356,1.173055689,-0.039,0,12.011,0.339967,0.359824
976,C,CZ,-0.278597356,1.177055689,-0.03,0,12.011,0.339967,0.359824
977,C,CZ,-0.071597356,1.047055689,-0.048,0,12.011,0.339967,0.359824
978,C,CZ,0.074402644,1.045055689,-0.047,0,12.011,0.339967,0.359824
979,C,CZ,0.363402644,1.044055689,-0.046,0,12.011,0.339967,0.359824
980,C,CZ,0.500402644,1.044055689,-0.051,0,12.011,0.339967,0.359824
981,C,CZ,0.786402644,1.041055689,-0.059,0,12.011,0.339967,0.359824
982,C,CZ,0.930402644,1.043055689,-0.059,0,12.011,0.339967,0.359824
983,C,CZ,1.220402644,1.041055689,-0.049,0,12.011,0.339967,0.359824
984,C,CZ,1.361402644,1.040055689,-0.04,0,12.011,0.339967,0.359824
985,C,CZ,1.654402644,1.045055689,-0.017,0,12.011,0.339967,0.359824
986,C,CZ,-1.630597356,1.047055689,-0.007,0,12.011,0.339967,0.359824
987,C,CZ,-1.344597356,1.053055689,-0.025,0,12.011,0.339967,0.359824
988,C,CZ,-1.203597356,1.054055689,-0.042,0,12.011,0.339967,0.359824
989,C,CZ,-0.914597356,1.052055689,-0.037,0,12.011,0.339967,0.359824
990,C,CZ,-0.773597356,1.052055689,-0.05,0,12.011,0.339967,0.359824
991,C,CZ,-0.491597356,1.047055689,-0.028,0,12.011,0.339967,0.359824
992,C,CZ,-0.351597356,1.050055689,-0.03,0,12.011,0.339967,0.359824
993,C,CZ,-0.140597356,0.922055689,-0.037,0,12.011,0.339967,0.359824
994,C,CZ,0.151402644,0.925055689,-0.042,0,12.011,0.339967,0.359824
995,C,CZ,0.288402644,0.922055689,-0.032,0,12.011,0.339967,0.359824
996,C,CZ,0.571402644,0.920055689,-0.048,0,12.011,0.339967,0.359824
997,C,CZ,0.712402644,0.916055689,-0.056,0,12.011,0.339967,0.359824
998,C,CZ,1.005402644,0.921055689,-0.047,0,12.011,0.339967,0.359824
999,C,CZ,1.148402644,0.920055689,-0.047,0,12.011,0.339967,0.359824
1000,C,CZ,1.434402644,0.922055689,-0.035,0,12.011,0.339967,0.359824
1001,C,CZ,1.578402644,0.927055689,-0.025,0,12.011,0.339967,0.359824
1002,C,CZ,-1.561597356,0.924055689,-0.023,0,12.011,0.339967,0.359824
1003,C,CZ,-1.415597356,0.925055689,-0.027,0,12.011,0.339967,0.359824
1004,C,CZ,-1.132597356,0.929055689,-0.038,0,12.011,0.339967,0.359824
1005,C,CZ,-0.989597356,0.931055689,-0.035,0,12.011,0.339967,0.359824
1006,C,CZ,-0.702597356,0.927055689,-0.047,0,12.011,0.339967,0.359824
1007,C,CZ,-0.561597356,0.926055689,-0.034,0,12.011,0.339967,0.359824
1008,C,CZ,-0.284597356,0.923055689,-0.04,0,12.011,0.339967,0.359824
1009,C,CZ,-0.065597356,0.801055689,-0.04,0,12.011,0.339967,0.359824
1010,C,CZ,0.078402644,0.799055689,-0.036,0,12.011,0.339967,0.359824
1011,C,CZ,0.357402644,0.794055689,-0.033,0,12.011,0.339967,0.359824
1012,C,CZ,0.497402644,0.796055689,-0.038,0,12.011,0.339967,0.359824
1013,C,CZ,0.785402644,0.793055689,-0.052,0,12.011,0.339967,0.359824
1014,C,CZ,0.928402644,0.797055689,-0.048,0,12.011,0.339967,0.359824
1015,C,CZ,1.219402644,0.798055689,-0.046,0,12.011,0.339967,0.359824
1016,C,CZ,1.361402644,0.799055689,-0.036,0,12.011,0.339967,0.359824
1017,C,CZ,1.645402644,0.801055689,-0.032,0,12.011,0.339967,0.359824
1018,C,CZ,-1.633597356,0.800055689,-0.026,0,12.011,0.339967,0.359824
1019,C,CZ,-1.347597356,0.802055689,-0.031,0,12.011,0.339967,0.359824
1020,C,CZ,-1.205597356,0.804055689,-0.039,0,12.011,0.339967,0.359824
1021,C,CZ,-0.922597356,0.804055689,-0.047,0,12.011,0.339967,0.359824
1022,C,CZ,-0.779597356,0.804055689,-0.052,0,12.011,0.339967,0.359824
1023,C,CZ,-0.491597356,0.796055689,-0.047,0,12.011,0.339967,0.359824
1024,C,CZ,-0.349597356,0.796055689,-0.039,0,12.011,0.339967,0.359824
1025,C,CZ,-0.133597356,0.674055689,-0.036,0,12.011,0.339967,0.359824
1026,C,CZ,0.146402644,0.674055689,-0.038,0,12.011,0.339967,0.359824
1027,C,CZ,0.290402644,0.671055689,-0.042,0,12.011,0.339967,0.359824
1028,C,CZ,0.570402644,0.675055689,-0.044,0,12.011,0.339967,0.359824
1029,C,CZ,0.713402644,0.672055689,-0.044,0,12.011,0.339967,0.359824
1030,C,CZ,0.998402644,0.675055689,-0.041,0,12.011,0.339967,0.359824
1031,C,CZ,1.141402644,0.677055689,-0.046,0,12.011,0.339967,0.359824
1032,C,CZ,1.429402644,0.675055689,-0.033,0,12.011,0.339967,0.359824
1033,C,CZ,1.570402644,0.673055689,-0.035,0,12.011,0.339967,0.359824
1034,C,CZ,-1.565597356,0.677055689,-0.025,0,12.011,0.339967,0.359824
1035,C,CZ,-1.417597356,0.678055689,-0.026,0,12.011,0.339967,0.359824
1036,C,CZ,-1.132597356,0.678055689,-0.035,0,12.011,0.339967,0.359824
1037,C,CZ,-0.990597356,0.678055689,-0.041,0,12.011,0.339967,0.359824
1038,C,CZ,-0.710597356,0.677055689,-0.049,0,12.011,0.339967,0.359824
1039,C,CZ,-0.566597356,0.675055689,-0.048,0,12.011,0.339967,0.359824
1040,C,CZ,-0.279597356,0.672055689,-0.038,0,12.011,0.339967,0.359824
1041,C,CZ,-0.066597356,0.548055689,-0.04,0,12.011,0.339967,0.359824
1042,C,CZ,0.076402644,0.551055689,-0.039,0,12.011,0.339967,0.359824
1043,C,CZ,0.357402644,0.550055689,-0.045,0,12.011,0.339967,0.359824
1044,C,CZ,0.500402644,0.549055689,-0.043,0,12.011,0.339967,0.359824
1045,C,CZ,0.791402644,0.553055689,-0.039,0,12.011,0.339967,0.359824
1046,C,CZ,0.933402644,0.552055689,-0.032,0,12.011,0.339967,0.359824
1047,C,CZ,1.215402644,0.554055689,-0.046,0,12.011,0.339967,0.359824
1048,C,CZ,1.358402644,0.554055689,-0.037,0,12.011,0.339967,0.359824
1049,C,CZ,1.642402644,0.550055689,-0.031,0,12.011,0.339967,0.359824
1050,C,CZ,-1.636597356,0.552055689,-0.025,0,12.011,0.339967,0.359824
1051,C,CZ,-1.345597356,0.555055689,-0.029,0,12.011,0.339967,0.359824
1052,C,CZ,-1.204597356,0.552055689,-0.023,0,12.011,0.339967,0.359824
1053,C,CZ,-0.925597356,0.553055689,-0.035,0,12.011,0.339967,0.359824
1054,C,CZ,-0.782597356,0.556055689,-0.042,0,12.011,0.339967,0.359824
1055,C,CZ,-0.498597356,0.548055689,-0.048,0,12.011,0.339967,0.359824
1056,C,CZ,-0.354597356,0.544055689,-0.037,0,12.011,0.339967,0.359824
1057,C,CZ,-0.136597356,0.422055689,-0.033,0,12.011,0.339967,0.359824
1058,C,CZ,0.145402644,0.428055689,-0.029,0,12.011,0.339967,0.359824
1059,C,CZ,0.289402644,0.425055689,-0.036,0,12.011,0.339967,0.359824
1060,C,CZ,0.574402644,0.426055689,-0.042,0,12.011,0.339967,0.359824
1061,C,CZ,0.719402644,0.431055689,-0.044,0,12.011,0.339967,0.359824
1062,C,CZ,1.001402644,0.429055689,-0.037,0,12.011,0.339967,0.359824
1063,C,CZ,1.141402644,0.431055689,-0.038,0,12.011,0.339967,0.359824
1064,C,CZ,1.434402644,0.430055689,-0.037,0,12.011,0.339967,0.359824
1065,C,CZ,1.573402644,0.427055689,-0.032,0,12.011,0.339967,0.359824
1066,C,CZ,-1.566597356,0.428055689,-0.014,0,12.011,0.339967,0.359824
1067,C,CZ,-1.421597356,0.431055689,-0.024,0,12.011,0.339967,0.359824
1068,C,CZ,-1.140597356,0.426055689,-0.025,0,12.011,0.339967,0.359824
1069,C,CZ,-0.996597356,0.427055689,-0.026,0,12.011,0.339967,0.359824
1070,C,CZ,-0.714597356,0.431055689,-0.037,0,12.011,0.339967,0.359824
1071,C,CZ,-0.571597356,0.425055689,-0.041,0,12.011,0.339967,0.359824
1072,C,CZ,-0.280597356,0.425055689,-0.029,0,12.011,0.339967,0.359824
1073,C,CZ,-0.067597356,0.299055689,-0.021,0,12.011,0.339967,0.359824
1074,C,CZ,0.072402644,0.303055689,-0.026,0,12.011,0.339967,0.359824
1075,C,CZ,0.362402644,0.305055689,-0.035,0,12.011,0.339967,0.359824
1076,C,CZ,0.505402644,0.304055689,-0.038,0,12.011,0.339967,0.359824
1077,C,CZ,0.791402644,0.303055689,-0.033,0,12.011,0.339967,0.359824
1078,C,CZ,0.932402644,0.304055689,-0.029,0,12.011,0.339967,0.359824
1079,C,CZ,1.213402644,0.309055689,-0.039,0,12.011,0.339967,0.359824
1080,C,CZ,1.359402644,0.307055689,-0.036,0,12.011,0.339967,0.359824
1081,C,CZ,1.646402644,0.305055689,-0.026,0,12.011,0.339967,0.359824
1082,C,CZ,-1.634597356,0.306055689,-0.016,0,12.011,0.339967,0.359824
1083,C,CZ,-1.352597356,0.301055689,-0.017,0,12.011,0.339967,0.359824
1084,C,CZ,-1.212597356,0.303055689,-0.014,0,12.011,0.339967,0.359824
1085,C,CZ,-0.924597356,0.304055689,-0.023,0,12.011,0.339967,0.359824
1086,C,CZ,-0.783597356,0.305055689,-0.036,0,12.011,0.339967,0.359824
1087,C,CZ,-0.496597356,0.304055689,-0.041,0,12.011,0.339967,0.359824
1088,C,CZ,-0.348597356,0.302055689,-0.03,0,12.011,0.339967,0.359824
1089,C,CZ,-0.139597356,0.180055689,-0.022,0,12.011,0.339967,0.359824
1090,C,CZ,0.147402644,0.181055689,-0.04,0,12.011,0.339967,0.359824
1091,C,CZ,0.289402644,0.180055689,-0.042,0,12.011,0.339967,0.359824
1092,C,CZ,0.580402644,0.182055689,-0.044,0,12.011,0.339967,0.359824
1093,C,CZ,0.720402644,0.179055689,-0.039,0,12.011,0.339967,0.359824
1094,C,CZ,1.007402644,0.183055689,-0.038,0,12.011,0.339967,0.359824
1095,C,CZ,1.145402644,0.185055689,-0.041,0,12.011,0.339967,0.359824
1096,C,CZ,1.433402644,0.185055689,-0.031,0,12.011,0.339967,0.359824
1097,C,CZ,1.576402644,0.182055689,-0.021,0,12.011,0.339967,0.359824
1098,C,CZ,-1.562597356,0.182055689,-0.015,0,12.011,0.339967,0.359824
1099,C,CZ,-1.424597356,0.180055689,-0.015,0,12.011,0.339967,0.359824
1100,C,CZ,-1.138597356,0.179055689,-0.009,0,12.011,0.339967,0.359824
1101,C,CZ,-0.991597356,0.180055689,-0.015,0,12.011,0.339967,0.359824
1102,C,CZ,-0.708597356,0.182055689,-0.038,0,12.011,0.339967,0.359824
1103,C,CZ,-0.566597356,0.183055689,-0.038,0,12.011,0.339967,0.359824
1104,C,CZ,-0.278597356,0.177055689,-0.028,0,12.011,0.339967,0.359824
1105,C,CZ,-0.068597356,0.054055689,-0.023,0,12.011,0.339967,0.359824
1106,C,CZ,0.075402644,0.056055689,-0.041,0,12.011,0.339967,0.359824
1107,C,CZ,0.361402644,0.055055689,-0.045,0,12.011,0.339967,0.359824
1108,C,CZ,0.504402644,0.059055689,-0.052,0,12.011,0.339967,0.359824
1109,C,CZ,0.792402644,0.060055689,-0.044,0,12.011,0.339967,0.359824
1110,C,CZ,0.936402644,0.059055689,-0.036,0,12.011,0.339967,0.359824
1111,C,CZ,1.221402644,0.066055689,-0.027,0,12.011,0.339967,0.359824
1112,C,CZ,1.361402644,0.062055689,-0.035,0,12.011,0.339967,0.359824
1113,C,CZ,1.647402644,0.062055689,-0.018,0,12.011,0.339967,0.359824
1114,C,CZ,-1.633597356,0.062055689,-0.019,0,12.011,0.339967,0.359824
1115,C,CZ,-1.353597356,0.060055689,-0.004,0,12.011,0.339967,0.359824
1116,C,CZ,-1.208597356,0.055055689,-0.001,0,12.011,0.339967,0.359824
1117,C,CZ,-0.922597356,0.057055689,-0.008,0,12.011,0.339967,0.359824
1118,C,CZ,-0.775597356,0.054055689,-0.017,0,12.011,0.339967,0.359824
1119,C,CZ,-0.494597356,0.058055689,-0.03,0,12.011,0.339967,0.359824
1120,C,CZ,-0.348597356,0.055055689,-0.025,0,12.011,0.339967,0.359824
1121,C,CZ,-0.137597356,-0.069944311,-0.028,0,12.011,0.339967,0.359824
1122,C,CZ,0.147402644,-0.068944311,-0.036,0,12.011,0.339967,0.359824
1123,C,CZ,0.291402644,-0.068944311,-0.033,0,12.011,0.339967,0.359824
1124,C,CZ,0.576402644,-0.065944311,-0.05,0,12.011,0.339967,0.359824
1125,C,CZ,0.725402644,-0.065944311,-0.043,0,12.011,0.339967,0.359824
1126,C,CZ,1.011402644,-0.064944311,-0.039,0,12.011,0.339967,0.359824
1127,C,CZ,1.154402644,-0.059944311,-0.033,0,12.011,0.339967,0.359824
1128,C,CZ,1.430402644,-0.065944311,-0.02,0,12.011,0.339967,0.359824
1129,C,CZ,1.575402644,-0.060944311,-0.014,0,12.011,0.339967,0.359824
1130,C,CZ,-1.568597356,-0.059944311,-0.008,0,12.011,0.339967,0.359824
1131,C,CZ,-1.425597356,-0.060944311,-0.011,0,12.011,0.339967,0.359824
1132,C,CZ,-1.135597356,-0.064944311,0,0,12.011,0.339967,0.359824
1133,C,CZ,-0.994597356,-0.067944311,-0.012,0,12.011,0.339967,0.359824
1134,C,CZ,-0.707597356,-0.066944311,-0.019,0,12.011,0.339967,0.359824
1135,C,CZ,-0.565597356,-0.063944311,-0.028,0,12.011,0.339967,0.359824
1136,C,CZ,-0.277597356,-0.068944311,-0.022,0,12.011,0.339967,0.359824
1137,C,CZ,-0.067597356,-0.188944311,-0.043,0,12.011,0.339967,0.359824
1138,C,CZ,0.074402644,-0.193944311,-0.037,0,12.011,0.339967,0.359824
1139,C,CZ,0.356402644,-0.195944311,-0.033,0,12.011,0.339967,0.359824
1140,C,CZ,0.499402644,-0.189944311,-0.042,0,12.011,0.339967,0.359824
1141,C,CZ,0.794402644,-0.186944311,-0.047,0,12.011,0.339967,0.359824
1142,C,CZ,0.938402644,-0.185944311,-0.026,0,12.011,0.339967,0.359824
1143,C,CZ,1.218402644,-0.184944311,-0.024,0,12.011,0.339967,0.359824
1144,C,CZ,1.361402644,-0.191944311,-0.013,0,12.011,0.339967,0.359824
1145,C,CZ,1.641402644,-0.184944311,-0.014,0,12.011,0.339967,0.359824
1146,C,CZ,-1.637597356,-0.183944311,-0.008,0,12.011,0.339967,0.359824
1147,C,CZ,-1.351597356,-0.183944311,-0.005,0,12.011,0.339967,0.359824
1148,C,CZ,-1.209597356,-0.185944311,-0.003,0,12.011,0.339967,0.359824
1149,C,CZ,-0.916597356,-0.187944311,-0.011,0,12.011,0.339967,0.359824
1150,C,CZ,-0.777597356,-0.187944311,-0.013,0,12.011,0.339967,0.359824
1151,C,CZ,-0.495597356,-0.185944311,-0.012,0,12.011,0.339967,0.359824
1152,C,CZ,-0.351597356,-0.187944311,-0.019,0,12.011,0.339967,0.359824
1153,C,CZ,-0.138597356,-0.311944311,-0.03,0,12.011,0.339967,0.359824
1154,C,CZ,0.144402644,-0.315944311,-0.033,0,12.011,0.339967,0.359824
1155,C,CZ,0.287402644,-0.319944311,-0.033,0,12.011,0.339967,0.359824
1156,C,CZ,0.573402644,-0.311944311,-0.046,0,12.011,0.339967,0.359824
1157,C,CZ,0.721402644,-0.311944311,-0.048,0,12.011,0.339967,0.359824
1158,C,CZ,1.003402644,-0.311944311,-0.026,0,12.011,0.339967,0.359824
1159,C,CZ,1.147402644,-0.309944311,-0.026,0,12.011,0.339967,0.359824
1160,C,CZ,1.430402644,-0.312944311,-0.016,0,12.011,0.339967,0.359824
1161,C,CZ,1.571402644,-0.308944311,-0.018,0,12.011,0.339967,0.359824
1162,C,CZ,-1.563597356,-0.306944311,-0.005,0,12.011,0.339967,0.359824
1163,C,CZ,-1.420597356,-0.305944311,-0.004,0,12.011,0.339967,0.359824
1164,C,CZ,-1.138597356,-0.312944311,-0.012,0,12.011,0.339967,0.359824
1165,C,CZ,-0.994597356,-0.310944311,-0.01,0,12.011,0.339967,0.359824
1166,C,CZ,-0.708597356,-0.311944311,-0.012,0,12.011,0.339967,0.359824
1167,C,CZ,-0.567597356,-0.309944311,-0.011,0,12.011,0.339967,0.359824
1168,C,CZ,-0.282597356,-0.310944311,-0.019,0,12.011,0.339967,0.359824
1169,C,CZ,-0.068597356,-0.434944311,-0.019,0,12.011,0.339967,0.359824
1170,C,CZ,0.073402644,-0.436944311,-0.026,0,12.011,0.339967,0.359824
1171,C,CZ,0.357402644,-0.441944311,-0.034,0,12.011,0.339967,0.359824
1172,C,CZ,0.502402644,-0.433944311,-0.04,0,12.011,0.339967,0.359824
1173,C,CZ,0.790402644,-0.436944311,-0.037,0,12.011,0.339967,0.359824
1174,C,CZ,0.932402644,-0.437944311,-0.026,0,12.011,0.339967,0.359824
1175,C,CZ,1.219402644,-0.435944311,-0.023,0,12.011,0.339967,0.359824
1176,C,CZ,1.361402644,-0.434944311,-0.031,0,12.011,0.339967,0.359824
1177,C,CZ,1.649402644,-0.430944311,-0.023,0,12.011,0.339967,0.359824
1178,C,CZ,-1.630597356,-0.431944311,-0.014,0,12.011,0.339967,0.359824
1179,C,CZ,-1.348597356,-0.430944311,-0.017,0,12.011,0.339967,0.359824
1180,C,CZ,-1.206597356,-0.435944311,-0.011,0,12.011,0.339967,0.359824
1181,C,CZ,-0.922597356,-0.437944311,-0.013,0,12.011,0.339967,0.359824
1182,C,CZ,-0.779597356,-0.437944311,-0.01,0,12.011,0.339967,0.359824
1183,C,CZ,-0.493597356,-0.432944311,-0.012,0,12.011,0.339967,0.359824
1184,C,CZ,-0.352597356,-0.433944311,-0.022,0,12.011,0.339967,0.359824
1185,C,CZ,-0.142597356,-0.555944311,-0.015,0,12.011,0.339967,0.359824
1186,C,CZ,0.149402644,-0.560944311,-0.02,0,12.011,0.339967,0.359824
1187,C,CZ,0.291402644,-0.561944311,-0.032,0,12.011,0.339967,0.359824
1188,C,CZ,0.578402644,-0.558944311,-0.042,0,12.011,0.339967,0.359824
1189,C,CZ,0.721402644,-0.561944311,-0.034,0,12.011,0.339967,0.359824
1190,C,CZ,1.007402644,-0.559944311,-0.029,0,12.011,0.339967,0.359824
1191,C,CZ,1.149402644,-0.560944311,-0.026,0,12.011,0.339967,0.359824
1192,C,CZ,1.433402644,-0.557944311,-0.033,0,12.011,0.339967,0.359824
1193,C,CZ,1.575402644,-0.554944311,-0.03,0,12.011,0.339967,0.359824
1194,C,CZ,-1.562597356,-0.555944311,-0.019,0,12.011,0.339967,0.359824
1195,C,CZ,-1.416597356,-0.554944311,-0.019,0,12.011,0.339967,0.359824
1196,C,CZ,-1.138597356,-0.559944311,-0.017,0,12.011,0.339967,0.359824
1197,C,CZ,-0.997597356,-0.561944311,-0.02,0,12.011,0.339967,0.359824
1198,C,CZ,-0.708597356,-0.557944311,-0.017,0,12.011,0.339967,0.359824
1199,C,CZ,-0.566597356,-0.554944311,-0.012,0,12.011,0.339967,0.359824
1200,C,CZ,-0.284597356,-0.558944311,-0.017,0,12.011,0.339967,0.359824
1201,C,CZ,-0.073597356,-0.681944311,-0.018,0,12.011,0.339967,0.359824
1202,C,CZ,0.075402644,-0.685944311,-0.02,0,12.011,0.339967,0.359824
1203,C,CZ,0.360402644,-0.684944311,-0.036,0,12.011,0.339967,0.359824
1204,C,CZ,0.503402644,-0.680944311,-0.042,0,12.011,0.339967,0.359824
1205,C,CZ,0.791402644,-0.675944311,-0.036,0,12.011,0.339967,0.359824
1206,C,CZ,0.934402644,-0.680944311,-0.039,0,12.011,0.339967,0.359824
1207,C,CZ,1.218402644,-0.686944311,-0.039,0,12.011,0.339967,0.359824
1208,C,CZ,1.361402644,-0.685944311,-0.035,0,12.011,0.339967,0.359824
1209,C,CZ,1.643402644,-0.682944311,-0.022,0,12.011,0.339967,0.359824
1210,C,CZ,-1.637597356,-0.680944311,-0.022,0,12.011,0.339967,0.359824
1211,C,CZ,-1.349597356,-0.679944311,-0.034,0,12.011,0.339967,0.359824
1212,C,CZ,-1.206597356,-0.678944311,-0.03,0,12.011,0.339967,0.359824
1213,C,CZ,-0.924597356,-0.682944311,-0.017,0,12.011,0.339967,0.359824
1214,C,CZ,-0.779597356,-0.681944311,-0.006,0,12.011,0.339967,0.359824
1215,C,CZ,-0.495597356,-0.677944311,-0.02,0,12.011,0.339967,0.359824
1216,C,CZ,-0.353597356,-0.678944311,-0.023,0,12.011,0.339967,0.359824
1217,C,CZ,-0.141597356,-0.801944311,-0.032,0,12.011,0.339967,0.359824
1218,C,CZ,0.146402644,-0.808944311,-0.011,0,12.011,0.339967,0.359824
1219,C,CZ,0.289402644,-0.807944311,-0.026,0,12.011,0.339967,0.359824
1220,C,CZ,0.576402644,-0.803944311,-0.04,0,12.011,0.339967,0.359824
1221,C,CZ,0.720402644,-0.803944311,-0.041,0,12.011,0.339967,0.359824
1222,C,CZ,1.003402644,-0.807944311,-0.047,0,12.011,0.339967,0.359824
1223,C,CZ,1.150402644,-0.809944311,-0.047,0,12.011,0.339967,0.359824
1224,C,CZ,1.432402644,-0.809944311,-0.042,0,12.011,0.339967,0.359824
1225,C,CZ,1.574402644,-0.809944311,-0.025,0,12.011,0.339967,0.359824
1226,C,CZ,-1.563597356,-0.803944311,-0.028,0,12.011,0.339967,0.359824
1227,C,CZ,-1.420597356,-0.805944311,-0.028,0,12.011,0.339967,0.359824
1228,C,CZ,-1.135597356,-0.803944311,-0.028,0,12.011,0.339967,0.359824
1229,C,CZ,-0.993597356,-0.806944311,-0.021,0,12.011,0.339967,0.359824
1230,C,CZ,-0.706597356,-0.805944311,-0.01,0,12.011,0.339967,0.359824
1231,C,CZ,-0.565597356,-0.802944311,-0.022,0,12.011,0.339967,0.359824
1232,C,CZ,-0.285597356,-0.801944311,-0.039,0,12.011,0.339967,0.359824
1233,C,CZ,-0.066597356,-0.923944311,-0.039,0,12.011,0.339967,0.359824
1234,C,CZ,0.075402644,-0.928944311,-0.032,0,12.011,0.339967,0.359824
1235,C,CZ,0.363402644,-0.929944311,-0.033,0,12.011,0.339967,0.359824
1236,C,CZ,0.510402644,-0.929944311,-0.033,0,12.011,0.339967,0.359824
1237,C,CZ,0.789402644,-0.927944311,-0.042,0,12.011,0.339967,0.359824
1238,C,CZ,0.929402644,-0.930944311,-0.045,0,12.011,0.339967,0.359824
1239,C,CZ,1.219402644,-0.930944311,-0.051,0,12.011,0.339967,0.359824
1240,C,CZ,1.362402644,-0.935944311,-0.042,0,12.011,0.339967,0.359824
1241,C,CZ,1.646402644,-0.928944311,-0.025,0,12.011,0.339967,0.359824
1242,C,CZ,-1.636597356,-0.926944311,-0.024,0,12.011,0.339967,0.359824
1243,C,CZ,-1.347597356,-0.926944311,-0.025,0,12.011,0.339967,0.359824
1244,C,CZ,-1.205597356,-0.926944311,-0.026,0,12.011,0.339967,0.359824
1245,C,CZ,-0.920597356,-0.927944311,-0.017,0,12.011,0.339967,0.359824
1246,C,CZ,-0.779597356,-0.924944311,-0.019,0,12.011,0.339967,0.359824
1247,C,CZ,-0.493597356,-0.924944311,-0.038,0,12.011,0.339967,0.359824
1248,C,CZ,-0.351597356,-0.929944311,-0.05,0,12.011,0.339967,0.359824
